Driver,Nationality,Scored Point,Had Podium,Won Race,Won Championship,Had Pole Position,Had Fastest Lap,Team_1,Team_2,Team_3,Team_4,Team_5,Team_6,Team_7,Team_8,Team_9,Team_10,Team_11,Team_12,Team_13,Year_1,Year_2,Year_3,Year_4,Year_5,Year_6,Year_7,Year_8,Year_9,Year_10,Year_11,Year_12,Year_13,Year_14,Year_15,Year_16,Year_17,Year_18,Year_19,Year_20,Year_21,Year_22
Adolf Brudes,Germany,N,N,N,N,N,N,Veritas,,,,,,,,,,,,,1952,,,,,,,,,,,,,,,,,,,,,
Adolfo Cruz,Unknown,N,N,N,N,N,N,Cooper,,,,,,,,,,,,,1953,,,,,,,,,,,,,,,,,,,,,
Adrian Sutil,Germany,Y,N,N,N,N,Y,Force India,Sauber,Spyker,,,,,,,,,,,2007,2008,2009,2010,2011,2013,2014,,,,,,,,,,,,,,,
Adrián Campos,Spain,N,N,N,N,N,N,Minardi,,,,,,,,,,,,,1987,1988,,,,,,,,,,,,,,,,,,,,
Aguri Suzuki,Japan,Y,Y,N,N,N,N,Footwork,Jordan,Larrousse,Ligier,Lola,,,,,,,,,1988,1990,1991,1992,1993,1994,1995,,,,,,,,,,,,,,,
Al Herman,United States Of America,N,N,N,N,N,N,Dunn,Ewing,Kurtis Kraft,,,,,,,,,,,1955,1956,1957,1959,1960,,,,,,,,,,,,,,,,,
Al Keller,United States Of America,N,N,N,N,N,N,Kurtis Kraft,Kuzma,,,,,,,,,,,,1955,1956,1957,1958,1959,,,,,,,,,,,,,,,,,
Al Pease,Canada,N,N,N,N,N,N,Eagle-Climax,,,,,,,,,,,,,1967,1969,,,,,,,,,,,,,,,,,,,,
Alain Prost,France,Y,Y,Y,Y,Y,Y,Ferrari,McLaren,Renault,Williams,,,,,,,,,,1980,1981,1982,1983,1984,1985,1986,1987,1988,1989,1990,1991,1993,,,,,,,,,
Alan Brown,United Kingdom,Y,N,N,N,N,N,Cooper,,,,,,,,,,,,,1952,1953,1954,,,,,,,,,,,,,,,,,,,
Alan Jones,Australia,Y,Y,Y,Y,Y,Y,Arrows,Embassy Hill,Hesketh,Lola,Shadow,Surtees,Williams,,,,,,,1975,1976,1977,1978,1979,1980,1981,1983,1985,1986,,,,,,,,,,,,
Alan Rees,United Kingdom,N,N,N,N,N,N,Brabham-Ford,Cooper-Maserati,,,,,,,,,,,,1967,,,,,,,,,,,,,,,,,,,,,
Alan Stacey,United Kingdom,N,N,N,N,N,N,Team Lotus,,,,,,,,,,,,,1958,1959,1960,,,,,,,,,,,,,,,,,,,
Albert Scherrer,Switzerland,N,N,N,N,N,N,HWM,,,,,,,,,,,,,1953,,,,,,,,,,,,,,,,,,,,,
Alberto Ascari,Italy,Y,Y,Y,Y,Y,Y,Ferrari,Lancia,Maserati,,,,,,,,,,,1950,1951,1952,1953,1954,1955,,,,,,,,,,,,,,,,
Alberto Rodriguez Larreta,Argentina,N,N,N,N,N,N,Team Lotus,,,,,,,,,,,,,1960,,,,,,,,,,,,,,,,,,,,,
Alberto Uria,Uruguay,N,N,N,N,N,N,Maserati,,,,,,,,,,,,,1955,1956,,,,,,,,,,,,,,,,,,,,
Aldo Gordini,France,N,N,N,N,N,N,Simca,,,,,,,,,,,,,1951,,,,,,,,,,,,,,,,,,,,,
Alessandro Nannini,Italy,Y,Y,Y,N,N,Y,Benetton,Minardi,,,,,,,,,,,,1986,1987,1988,1989,1990,,,,,,,,,,,,,,,,,
Alessandro Pesenti-Rossi,Italy,N,N,N,N,N,N,Tyrrell,,,,,,,,,,,,,1976,,,,,,,,,,,,,,,,,,,,,
Alessandro Zanardi,Unknown,Y,N,N,N,N,N,Jordan,Minardi,Team Lotus,Williams,,,,,,,,,,1991,1992,1993,1994,1999,,,,,,,,,,,,,,,,,
Alessandro de Tomaso,Unknown,N,N,N,N,N,N,Cooper-OSCA,Ferrari,,,,,,,,,,,,1957,1959,,,,,,,,,,,,,,,,,,,,
Alex Blignaut,Unknown,N,N,N,N,N,N,Cooper-Climax,,,,,,,,,,,,,1965,,,,,,,,,,,,,,,,,,,,,
Alex Caffi,Italy,Y,N,N,N,N,N,Arrows,Dallara,Footwork,Osella,,,,,,,,,,1986,1987,1988,1989,1990,1991,,,,,,,,,,,,,,,,
Alex Ribeiro,Brazil,N,N,N,N,N,N,Hesketh,March,,,,,,,,,,,,1976,1977,,,,,,,,,,,,,,,,,,,,
Alex Soler-Roig,Spain,N,N,N,N,N,N,BRM,March-Ford,,,,,,,,,,,,1971,1972,,,,,,,,,,,,,,,,,,,,
Alex Yoong,Malaysia,N,N,N,N,N,N,Minardi,,,,,,,,,,,,,2001,2002,,,,,,,,,,,,,,,,,,,,
Alexander Albon,Thailand,Y,Y,N,N,N,Y,Red Bull,Toro Rosso,Williams,,,,,,,,,,,2019,2020,2022,2023,2024,2025,,,,,,,,,,,,,,,,
Alexander Rossi,United States Of America,N,N,N,N,N,N,Manor Marussia,,,,,,,,,,,,,2015,,,,,,,,,,,,,,,,,,,,,
Alexander Wurz,Austria,Y,Y,N,N,N,Y,Benetton,McLaren,Williams,,,,,,,,,,,1997,1998,1999,2000,2005,2007,,,,,,,,,,,,,,,,
Alfonso Thiele,United States Of America,N,N,N,N,N,N,Cooper-Climax,Cooper-Maserati,,,,,,,,,,,,1960,1961,,,,,,,,,,,,,,,,,,,,
Alfonso de Portago,Spain,Y,Y,N,N,N,N,Ferrari,,,,,,,,,,,,,1956,1957,,,,,,,,,,,,,,,,,,,,
Alfredo Pián,Argentina,N,N,N,N,N,N,Maserati,,,,,,,,,,,,,1950,,,,,,,,,,,,,,,,,,,,,
Allan McNish,United Kingdom,N,N,N,N,N,N,Toyota,,,,,,,,,,,,,2002,,,,,,,,,,,,,,,,,,,,,
Allen Berg,Canada,N,N,N,N,N,N,Osella,,,,,,,,,,,,,1986,,,,,,,,,,,,,,,,,,,,,
Andrea Chiesa,Switzerland,N,N,N,N,N,N,Fondmetal,,,,,,,,,,,,,1992,,,,,,,,,,,,,,,,,,,,,
Andrea Kimi Antonelli,Unknown,Y,Y,N,N,N,N,Mercedes,,,,,,,,,,,,,2025,,,,,,,,,,,,,,,,,,,,,
Andrea Montermini,Italy,N,N,N,N,N,N,Forti,Pacific,Simtek,,,,,,,,,,,1994,1995,1996,,,,,,,,,,,,,,,,,,,
Andrea de Adamich,Italy,Y,N,N,N,N,N,Brabham,Ferrari,March-Alfa Romeo,McLaren-Alfa Romeo,Surtees,,,,,,,,,1968,1970,1971,1972,1973,,,,,,,,,,,,,,,,,
Andrea de Cesaris,Italy,Y,Y,N,N,Y,Y,Alfa Romeo,Brabham,Dallara,Jordan,Ligier,McLaren,Minardi,Rial,Sauber,Tyrrell,,,,1980,1981,1982,1983,1984,1985,1986,1987,1988,1989,1990,1991,1992,1993,1994,,,,,,,
André Guelfi,France,N,N,N,N,N,N,Cooper,,,,,,,,,,,,,1958,,,,,,,,,,,,,,,,,,,,,
André Lotterer,Germany,N,N,N,N,N,N,Caterham,,,,,,,,,,,,,2014,,,,,,,,,,,,,,,,,,,,,
André Milhoux,Belgium,N,N,N,N,N,N,Gordini,,,,,,,,,,,,,1956,,,,,,,,,,,,,,,,,,,,,
André Pilette,Belgium,Y,N,N,N,N,N,Connaught,Ferrari,Gordini,Scirocco,Talbot-Lago,,,,,,,,,1951,1953,1954,1956,1964,,,,,,,,,,,,,,,,,
André Simon,France,N,N,N,N,N,N,Ferrari,Gordini,Maserati,Mercedes,Simca,,,,,,,,,1951,1952,1955,1956,1957,,,,,,,,,,,,,,,,,
Andy Linden,United States Of America,Y,N,N,N,N,N,Kurtis Kraft,Sherman,,,,,,,,,,,,1951,1952,1953,1954,1955,1956,1957,,,,,,,,,,,,,,,
Anthony Davidson,United Kingdom,N,N,N,N,N,N,BAR,Minardi,Super Aguri,,,,,,,,,,,2002,2005,2007,2008,,,,,,,,,,,,,,,,,,
Anthony Foyt,Unknown,N,N,N,N,N,N,Kurtis Kraft,Kuzma,,,,,,,,,,,,1958,1959,1960,,,,,,,,,,,,,,,,,,,
Antonio Creus,Spain,N,N,N,N,N,N,Maserati,,,,,,,,,,,,,1960,,,,,,,,,,,,,,,,,,,,,
Antonio Giovinazzi,Italy,Y,N,N,N,N,N,Alfa Romeo,Sauber,,,,,,,,,,,,2017,2019,2020,2021,,,,,,,,,,,,,,,,,,
Antônio Pizzonia,Brazil,Y,N,N,N,N,N,Jaguar,Williams,,,,,,,,,,,,2003,2004,2005,,,,,,,,,,,,,,,,,,,
Archie Scott Brown,United Kingdom,N,N,N,N,N,N,Connaught,,,,,,,,,,,,,1956,,,,,,,,,,,,,,,,,,,,,
Art Bisch,United States Of America,N,N,N,N,N,N,Kuzma,,,,,,,,,,,,,1958,,,,,,,,,,,,,,,,,,,,,
Art Cross,United States Of America,Y,Y,N,N,N,N,Kurtis Kraft,,,,,,,,,,,,,1952,1953,1954,1955,,,,,,,,,,,,,,,,,,
Arthur Legat,Belgium,N,N,N,N,N,N,Veritas,,,,,,,,,,,,,1952,1953,,,,,,,,,,,,,,,,,,,,
Arthur Owen,United Kingdom,N,N,N,N,N,N,Cooper-Climax,,,,,,,,,,,,,1960,,,,,,,,,,,,,,,,,,,,,
Arturo Merzario,Italy,Y,N,N,N,N,N,Ferrari,Fittipaldi,Iso Marlboro,March,Merzario,Shadow,Williams,Wolf,,,,,,1972,1973,1974,1975,1976,1977,1978,1979,,,,,,,,,,,,,,
Ayrton Senna,Brazil,Y,Y,Y,Y,Y,Y,McLaren,Team Lotus,Toleman,Williams,,,,,,,,,,1984,1985,1986,1987,1988,1989,1990,1991,1992,1993,1994,,,,,,,,,,,
Azdrubal Fontes,Unknown,N,N,N,N,N,N,Maserati,,,,,,,,,,,,,1959,,,,,,,,,,,,,,,,,,,,,
Basil van Rooyen,South Africa,N,N,N,N,N,N,Cooper-Climax,McLaren-Ford,,,,,,,,,,,,1968,1969,,,,,,,,,,,,,,,,,,,,
Bayliss Levrett,United States Of America,N,N,N,N,N,N,Adams,,,,,,,,,,,,,1950,,,,,,,,,,,,,,,,,,,,,
Ben Pon,Netherlands,N,N,N,N,N,N,Porsche,,,,,,,,,,,,,1962,,,,,,,,,,,,,,,,,,,,,
Beppe Gabbiani,Italy,N,N,N,N,N,N,Osella,,,,,,,,,,,,,1981,,,,,,,,,,,,,,,,,,,,,
Bernard Collomb,France,N,N,N,N,N,N,Cooper-Climax,Lotus-Climax,,,,,,,,,,,,1961,1962,1963,,,,,,,,,,,,,,,,,,,
Bernd Schneider,Germany,N,N,N,N,N,N,Arrows,Zakspeed,,,,,,,,,,,,1988,1989,1990,,,,,,,,,,,,,,,,,,,
Bertil Roos,Sweden,N,N,N,N,N,N,Shadow,,,,,,,,,,,,,1974,,,,,,,,,,,,,,,,,,,,,
Bertrand Gachot,France,Y,N,N,N,N,Y,Jordan,Larrousse,Onyx,Pacific,,,,,,,,,,1989,1991,1992,1994,1995,,,,,,,,,,,,,,,,,
Bill Aston,United Kingdom,N,N,N,N,N,N,Aston Butterworth,,,,,,,,,,,,,1952,,,,,,,,,,,,,,,,,,,,,
Bill Brack,Canada,N,N,N,N,N,N,BRM,Lotus-Ford,,,,,,,,,,,,1968,1969,1972,,,,,,,,,,,,,,,,,,,
Bill Cantrell,United States Of America,N,N,N,N,N,N,Adams,,,,,,,,,,,,,1950,,,,,,,,,,,,,,,,,,,,,
Bill Cheesbourg,United States Of America,N,N,N,N,N,N,Kurtis Kraft,Kuzma,,,,,,,,,,,,1957,1958,1959,,,,,,,,,,,,,,,,,,,
Bill Holland,United States Of America,Y,Y,N,N,N,N,Deidt,Kurtis Kraft,,,,,,,,,,,,1950,1953,,,,,,,,,,,,,,,,,,,,
Bill Homeier,United States Of America,Y,N,N,N,N,N,Kurtis Kraft,Kuzma,,,,,,,,,,,,1954,1955,1960,,,,,,,,,,,,,,,,,,,
Bill Mackey,United States Of America,N,N,N,N,N,N,Hall,,,,,,,,,,,,,1951,,,,,,,,,,,,,,,,,,,,,
Bill Schindler,United States Of America,N,N,N,N,N,N,Kurtis Kraft,Snowberger,Stevens,,,,,,,,,,,1950,1951,1952,,,,,,,,,,,,,,,,,,,
Bill Vukovich,United States Of America,Y,Y,Y,N,Y,Y,Kurtis Kraft,Trevis,,,,,,,,,,,,1951,1952,1953,1954,1955,,,,,,,,,,,,,,,,,
Bill Whitehouse,United Kingdom,N,N,N,N,N,N,Connaught,,,,,,,,,,,,,1954,,,,,,,,,,,,,,,,,,,,,
Billy Garrett,United States Of America,N,N,N,N,N,N,Kurtis Kraft,Kuzma,,,,,,,,,,,,1956,1958,,,,,,,,,,,,,,,,,,,,
Bob Anderson,United Kingdom,Y,Y,N,N,N,N,Brabham-Climax,Lola,,,,,,,,,,,,1963,1964,1965,1966,1967,,,,,,,,,,,,,,,,,
Bob Bondurant,United States Of America,Y,N,N,N,N,N,BRM,Eagle-Climax,Eagle-Weslake,Ferrari,Lotus-BRM,,,,,,,,,1965,1966,,,,,,,,,,,,,,,,,,,,
Bob Christie,United States Of America,N,N,N,N,N,N,Kurtis Kraft,,,,,,,,,,,,,1956,1957,1958,1959,1960,,,,,,,,,,,,,,,,,
Bob Drake,United States Of America,N,N,N,N,N,N,Maserati,,,,,,,,,,,,,1960,,,,,,,,,,,,,,,,,,,,,
Bob Evans,United Kingdom,N,N,N,N,N,N,BRM,Brabham-Ford,Team Lotus,,,,,,,,,,,1975,1976,,,,,,,,,,,,,,,,,,,,
Bob Gerard,United Kingdom,N,N,N,N,N,N,Cooper,ERA,,,,,,,,,,,,1950,1951,1953,1954,1956,1957,,,,,,,,,,,,,,,,
Bob Said,United States Of America,N,N,N,N,N,N,Connaught,,,,,,,,,,,,,1959,,,,,,,,,,,,,,,,,,,,,
Bob Scott,United States Of America,N,N,N,N,N,N,Kurtis Kraft,Stevens,,,,,,,,,,,,1952,1953,1954,,,,,,,,,,,,,,,,,,,
Bob Sweikert,United States Of America,Y,Y,Y,N,N,N,Kurtis Kraft,Kuzma,,,,,,,,,,,,1952,1953,1954,1955,1956,,,,,,,,,,,,,,,,,
Bob Veith,United States Of America,N,N,N,N,N,N,Kurtis Kraft,Meskowski,Moore,Phillips,,,,,,,,,,1956,1957,1958,1959,1960,,,,,,,,,,,,,,,,,
Bobby Ball,United States Of America,Y,N,N,N,N,N,Schroeder,Stevens,,,,,,,,,,,,1951,1952,,,,,,,,,,,,,,,,,,,,
Bobby Grim,United States Of America,N,N,N,N,N,N,Kurtis Kraft,Meskowski,,,,,,,,,,,,1959,1960,,,,,,,,,,,,,,,,,,,,
Bobby Rahal,United States Of America,N,N,N,N,N,N,Wolf,,,,,,,,,,,,,1978,,,,,,,,,,,,,,,,,,,,,
Bobby Unser,United States Of America,N,N,N,N,N,N,BRM,,,,,,,,,,,,,1968,,,,,,,,,,,,,,,,,,,,,
Boy Lunger,Unknown,N,N,N,N,N,N,March,Penske,,,,,,,,,,,,1976,1977,,,,,,,,,,,,,,,,,,,,
Brausch Niemann,South Africa,N,N,N,N,N,N,Lotus-Ford,,,,,,,,,,,,,1963,,,,,,,,,,,,,,,,,,,,,
Brendon Hartley,New Zealand,Y,N,N,N,N,N,Toro Rosso,,,,,,,,,,,,,2017,2018,,,,,,,,,,,,,,,,,,,,
Brett Lunger,United States Of America,N,N,N,N,N,N,Ensign,Hesketh,March,McLaren,Surtees,,,,,,,,,1975,1976,1977,1978,,,,,,,,,,,,,,,,,,
Brian Hart,United Kingdom,N,N,N,N,N,N,Protos,,,,,,,,,,,,,1967,,,,,,,,,,,,,,,,,,,,,
Brian Henton,United Kingdom,N,N,N,N,N,Y,Arrows,Boro,March,Team Lotus,Toleman,Tyrrell,,,,,,,,1975,1977,1981,1982,,,,,,,,,,,,,,,,,,
Brian Naylor,United Kingdom,N,N,N,N,N,N,Cooper,Cooper-Maserati,JBW,,,,,,,,,,,1957,1958,1959,1960,1961,,,,,,,,,,,,,,,,,
Brian Redman,United Kingdom,Y,Y,N,N,N,N,BRM,Cooper-BRM,Cooper-Maserati,McLaren,Shadow,Surtees,,,,,,,,1968,1971,1972,1973,1974,,,,,,,,,,,,,,,,,
Brian Shawe Taylor,Unknown,N,N,N,N,N,N,ERA,Maserati,,,,,,,,,,,,1950,1951,,,,,,,,,,,,,,,,,,,,
Bruce Halford,United Kingdom,N,N,N,N,N,N,Cooper-Climax,Maserati,Team Lotus,,,,,,,,,,,1956,1957,1959,1960,,,,,,,,,,,,,,,,,,
Bruce Johnstone,South Africa,N,N,N,N,N,N,BRM,,,,,,,,,,,,,1962,,,,,,,,,,,,,,,,,,,,,
Bruce McLaren,New Zealand,Y,Y,Y,N,N,Y,Cooper,Cooper-Climax,Eagle-Weslake,McLaren,McLaren-BRM,McLaren-Ford,McLaren-Serenissima,,,,,,,1958,1959,1960,1961,1962,1963,1964,1965,1966,1967,1968,1969,1970,,,,,,,,,
Bruno Giacomelli,Italy,Y,Y,N,N,Y,N,Alfa Romeo,McLaren,Toleman,,,,,,,,,,,1977,1978,1979,1980,1981,1982,1983,,,,,,,,,,,,,,,
Bruno Senna,Brazil,Y,N,N,N,N,Y,HRT,Renault,Williams,,,,,,,,,,,2010,2011,2012,,,,,,,,,,,,,,,,,,,
Bud Tingelstad,United States Of America,N,N,N,N,N,N,Trevis,,,,,,,,,,,,,1960,,,,,,,,,,,,,,,,,,,,,
Cal Niday,United States Of America,N,N,N,N,N,N,Kurtis Kraft,Stevens,,,,,,,,,,,,1953,1954,1955,,,,,,,,,,,,,,,,,,,
Carel Godin de Beaufort,Netherlands,Y,N,N,N,N,N,Cooper-Climax,Maserati,Porsche,,,,,,,,,,,1957,1958,1959,1960,1961,1962,1963,1964,,,,,,,,,,,,,,
Carl Forberg,United States Of America,N,N,N,N,N,N,Kurtis Kraft,,,,,,,,,,,,,1951,,,,,,,,,,,,,,,,,,,,,
Carl Scarborough,United States Of America,N,N,N,N,N,N,Kurtis Kraft,,,,,,,,,,,,,1951,1953,,,,,,,,,,,,,,,,,,,,
Carlo Abate,Unknown,N,N,N,N,N,N,Lotus-Climax,Porsche,,,,,,,,,,,,1962,1963,,,,,,,,,,,,,,,,,,,,
Carlos Menditeguy,Unknown,Y,Y,N,N,N,N,Cooper-Maserati,Gordini,Maserati,,,,,,,,,,,1953,1954,1955,1956,1957,1958,1960,,,,,,,,,,,,,,,
Carlos Pace,Brazil,Y,Y,Y,N,Y,Y,Brabham,Brabham-Alfa Romeo,March,Surtees,,,,,,,,,,1972,1973,1974,1975,1976,1977,,,,,,,,,,,,,,,,
Carlos Reutemann,Argentina,Y,Y,Y,N,Y,Y,Brabham,Brabham-Alfa Romeo,Ferrari,Team Lotus,Williams,,,,,,,,,1972,1973,1974,1975,1976,1977,1978,1979,1980,1981,1982,,,,,,,,,,,
Carlos Sainz,Unknown,Y,Y,Y,N,Y,N,Ferrari,McLaren,Renault,Toro Rosso,Williams,,,,,,,,,2015,2016,2017,2018,2019,2020,2021,2022,2023,2024,2025,,,,,,,,,,,
Carroll Shelby,United States Of America,N,N,N,N,N,N,Aston Martin,Maserati,,,,,,,,,,,,1958,1959,,,,,,,,,,,,,,,,,,,,
Cecil Green,United States Of America,Y,N,N,N,N,N,Kurtis Kraft,,,,,,,,,,,,,1950,1951,,,,,,,,,,,,,,,,,,,,
Cesare Perdisa,Italy,Y,Y,N,N,N,N,Ferrari,Maserati,,,,,,,,,,,,1955,1956,1957,,,,,,,,,,,,,,,,,,,
Charles Leclerc,Monaco,Y,Y,Y,N,Y,Y,Ferrari,Sauber,,,,,,,,,,,,2018,2019,2020,2021,2022,2023,2024,2025,,,,,,,,,,,,,,
Charles Pic,France,N,N,N,N,N,N,Caterham,Marussia,,,,,,,,,,,,2012,2013,,,,,,,,,,,,,,,,,,,,
Charles Pozzi,France,N,N,N,N,N,N,Talbot-Lago,,,,,,,,,,,,,1950,,,,,,,,,,,,,,,,,,,,,
Charles de Tornaco,Belgium,N,N,N,N,N,N,Ferrari,,,,,,,,,,,,,1952,,,,,,,,,,,,,,,,,,,,,
Chet Miller,United States Of America,N,N,N,N,N,N,Kurtis Kraft,,,,,,,,,,,,,1951,1952,,,,,,,,,,,,,,,,,,,,
Chico Landi,Brazil,Y,N,N,N,N,N,Ferrari,Maserati,,,,,,,,,,,,1951,1952,1953,1956,,,,,,,,,,,,,,,,,,
Chico Serra,Brazil,Y,N,N,N,N,N,Arrows,Fittipaldi,,,,,,,,,,,,1981,1982,1983,,,,,,,,,,,,,,,,,,,
Chris Amon,New Zealand,Y,Y,N,N,Y,Y,Amon,BRM,Cooper-Maserati,Ensign,Ferrari,Lola,Lotus-BRM,Lotus-Climax,March,Matra,Tecno,Tyrrell,Wolf,1963,1964,1965,1966,1967,1968,1969,1970,1971,1972,1973,1974,1975,1976,,,,,,,,
Chris Bristow,United Kingdom,N,N,N,N,N,N,Cooper-Borgward,Cooper-Climax,,,,,,,,,,,,1959,1960,,,,,,,,,,,,,,,,,,,,
Chris Craft,United Kingdom,N,N,N,N,N,N,Brabham,,,,,,,,,,,,,1971,,,,,,,,,,,,,,,,,,,,,
Chris Irwin,United Kingdom,Y,N,N,N,N,N,BRM,Brabham-Climax,Lotus-BRM,,,,,,,,,,,1966,1967,,,,,,,,,,,,,,,,,,,,
Chris Lawrence,United Kingdom,N,N,N,N,N,N,Cooper-Ferrari,,,,,,,,,,,,,1966,,,,,,,,,,,,,,,,,,,,,
Christian Danner,Germany,Y,N,N,N,N,N,Arrows,Osella,Rial,Zakspeed,,,,,,,,,,1985,1986,1987,1989,,,,,,,,,,,,,,,,,,
Christian Fittipaldi,Brazil,Y,N,N,N,N,N,Footwork,Minardi,,,,,,,,,,,,1992,1993,1994,,,,,,,,,,,,,,,,,,,
Christian Goethals,Belgium,N,N,N,N,N,N,Cooper,,,,,,,,,,,,,1958,,,,,,,,,,,,,,,,,,,,,
Christian Klien,Austria,Y,N,N,N,N,N,HRT,Jaguar,Red Bull,,,,,,,,,,,2004,2005,2006,2010,,,,,,,,,,,,,,,,,,
Christijan Albers,Netherlands,Y,N,N,N,N,N,MF1,Minardi,Spyker,Spyker MF1,,,,,,,,,,2005,2006,2007,,,,,,,,,,,,,,,,,,,
Chuck Arnold,United States Of America,N,N,N,N,N,N,Kurtis Kraft,,,,,,,,,,,,,1959,,,,,,,,,,,,,,,,,,,,,
Chuck Daigh,United States Of America,N,N,N,N,N,N,Cooper-Climax,Scarab,,,,,,,,,,,,1960,,,,,,,,,,,,,,,,,,,,,
Chuck Stevenson,United States Of America,N,N,N,N,N,N,Kurtis Kraft,Kuzma,Marchese,Watson,,,,,,,,,,1951,1952,1953,1954,1960,,,,,,,,,,,,,,,,,
Chuck Weyant,United States Of America,N,N,N,N,N,N,Dunn,Kurtis Kraft,Kuzma,,,,,,,,,,,1955,1957,1958,1959,,,,,,,,,,,,,,,,,,
Clay Regazzoni,Switzerland,Y,Y,Y,N,Y,Y,BRM,Ensign,Ferrari,Shadow,Williams,,,,,,,,,1970,1971,1972,1973,1974,1975,1976,1977,1978,1979,1980,,,,,,,,,,,
Clemar Bucci,Argentina,N,N,N,N,N,N,Gordini,Maserati,,,,,,,,,,,,1954,1955,,,,,,,,,,,,,,,,,,,,
Clemente Biondetti,Italy,N,N,N,N,N,N,Ferrari,,,,,,,,,,,,,1950,,,,,,,,,,,,,,,,,,,,,
Cliff Allison,United Kingdom,Y,Y,N,N,N,N,Ferrari,Lotus-Climax,Maserati,Team Lotus,,,,,,,,,,1958,1959,1960,1961,,,,,,,,,,,,,,,,,,
Cliff Griffith,United States Of America,N,N,N,N,N,N,Kurtis Kraft,Stevens,,,,,,,,,,,,1951,1952,1956,,,,,,,,,,,,,,,,,,,
Colin Chapman,United Kingdom,N,N,N,N,N,N,Vanwall,,,,,,,,,,,,,1956,,,,,,,,,,,,,,,,,,,,,
Colin Davis,United Kingdom,N,N,N,N,N,N,Cooper-Maserati,Porsche,,,,,,,,,,,,1959,1962,,,,,,,,,,,,,,,,,,,,
Conny Andersson,Sweden,N,N,N,N,N,N,Surtees,,,,,,,,,,,,,1976,,,,,,,,,,,,,,,,,,,,,
Consalvo Sanesi,Italy,Y,N,N,N,N,N,Alfa Romeo,,,,,,,,,,,,,1950,1951,,,,,,,,,,,,,,,,,,,,
Corrado Fabi,Italy,N,N,N,N,N,N,Brabham,Osella,,,,,,,,,,,,1983,1984,,,,,,,,,,,,,,,,,,,,
Cristiano da Matta,Brazil,Y,N,N,N,N,N,Toyota,,,,,,,,,,,,,2003,2004,,,,,,,,,,,,,,,,,,,,
Cuth Harrison,United Kingdom,N,N,N,N,N,N,ERA,,,,,,,,,,,,,1950,,,,,,,,,,,,,,,,,,,,,
Damien Magee,United Kingdom,N,N,N,N,N,N,Williams,,,,,,,,,,,,,1975,,,,,,,,,,,,,,,,,,,,,
Damon Hill,United Kingdom,Y,Y,Y,Y,Y,Y,Arrows,Brabham,Jordan,Williams,,,,,,,,,,1992,1993,1994,1995,1996,1997,1998,1999,,,,,,,,,,,,,,
Dan Gurney,United States Of America,Y,Y,Y,N,Y,Y,BRM,Brabham,Brabham-Climax,Brabham-Repco,Eagle-Climax,Eagle-Weslake,Ferrari,Lotus-BRM,McLaren-Ford,Porsche,,,,1959,1960,1961,1962,1963,1964,1965,1966,1967,1968,1970,,,,,,,,,,,
Daniel Ricciardo,Australia,Y,Y,Y,N,Y,Y,AlphaTauri,HRT,McLaren,RB F1 Team,Red Bull,Renault,Toro Rosso,,,,,,,2011,2012,2013,2014,2015,2016,2017,2018,2019,2020,2021,2022,2023,2024,,,,,,,,
Daniil Kvyat,Russia,Y,Y,N,N,N,Y,AlphaTauri,Red Bull,Toro Rosso,,,,,,,,,,,2014,2015,2016,2017,2019,2020,,,,,,,,,,,,,,,,
Danny Kladis,United States Of America,N,N,N,N,N,N,Bromme,,,,,,,,,,,,,1954,,,,,,,,,,,,,,,,,,,,,
Danny Ongais,United States Of America,N,N,N,N,N,N,Ensign,Penske,,,,,,,,,,,,1977,1978,,,,,,,,,,,,,,,,,,,,
Danny Sullivan,United States Of America,Y,N,N,N,N,N,Tyrrell,,,,,,,,,,,,,1983,,,,,,,,,,,,,,,,,,,,,
Dave Charlton,South Africa,N,N,N,N,N,N,Brabham,Brabham-Climax,Brabham-Repco,Lotus-Ford,McLaren,Team Lotus,,,,,,,,1967,1968,1970,1971,1972,1973,1974,1975,,,,,,,,,,,,,,
Dave Morgan,United Kingdom,N,N,N,N,N,N,Surtees,,,,,,,,,,,,,1975,,,,,,,,,,,,,,,,,,,,,
David Brabham,Australia,N,N,N,N,N,N,Brabham,Simtek,,,,,,,,,,,,1990,1994,,,,,,,,,,,,,,,,,,,,
David Clapham,Unknown,N,N,N,N,N,N,Cooper-Maserati,,,,,,,,,,,,,1965,,,,,,,,,,,,,,,,,,,,,
David Coulthard,United Kingdom,Y,Y,Y,N,Y,Y,McLaren,Red Bull,Williams,,,,,,,,,,,1994,1995,1996,1997,1998,1999,2000,2001,2002,2003,2004,2005,2006,2007,2008,,,,,,,
David Hampshire,United Kingdom,N,N,N,N,N,N,Maserati,,,,,,,,,,,,,1950,,,,,,,,,,,,,,,,,,,,,
David Hobbs,United Kingdom,N,N,N,N,N,N,BRM,Honda,Lola,McLaren,,,,,,,,,,1967,1968,1971,1974,,,,,,,,,,,,,,,,,,
David Murray,United Kingdom,N,N,N,N,N,N,Cooper,Maserati,,,,,,,,,,,,1950,1951,1952,,,,,,,,,,,,,,,,,,,
David Piper,United Kingdom,N,N,N,N,N,N,Team Lotus,,,,,,,,,,,,,1959,1960,,,,,,,,,,,,,,,,,,,,
David Prophet,United Kingdom,N,N,N,N,N,N,Brabham,Brabham-Ford,,,,,,,,,,,,1963,1965,,,,,,,,,,,,,,,,,,,,
David Purley,United Kingdom,N,N,N,N,N,N,LEC,March,,,,,,,,,,,,1973,1977,,,,,,,,,,,,,,,,,,,,
David Walker,Australia,N,N,N,N,N,N,Lotus-Pratt &amp; Whitney,Team Lotus,,,,,,,,,,,,1971,1972,,,,,,,,,,,,,,,,,,,,
Dempsey Wilson,United States Of America,N,N,N,N,N,N,Kurtis Kraft,Kuzma,,,,,,,,,,,,1958,1960,,,,,,,,,,,,,,,,,,,,
Dennis Poore,United Kingdom,Y,N,N,N,N,N,Connaught,,,,,,,,,,,,,1952,,,,,,,,,,,,,,,,,,,,,
Denny Hulme,New Zealand,Y,Y,Y,Y,Y,Y,Brabham-Climax,Brabham-Repco,McLaren,McLaren-BRM,McLaren-Ford,,,,,,,,,1965,1966,1967,1968,1969,1970,1971,1972,1973,1974,,,,,,,,,,,,
Derek Bell,United Kingdom,Y,N,N,N,N,N,Brabham,Ferrari,McLaren-Ford,Surtees,Tecno,,,,,,,,,1968,1969,1970,1971,1972,1974,,,,,,,,,,,,,,,,
Derek Daly,Ireland,Y,N,N,N,N,N,Ensign,March,Theodore,Tyrrell,Williams,,,,,,,,,1978,1979,1980,1981,1982,,,,,,,,,,,,,,,,,
Derek Warwick,United Kingdom,Y,Y,N,N,N,Y,Arrows,Brabham,Footwork,Renault,Team Lotus,Toleman,,,,,,,,1981,1982,1983,1984,1985,1986,1987,1988,1989,1990,1993,,,,,,,,,,,
Desmond Titterington,United Kingdom,N,N,N,N,N,N,Connaught,,,,,,,,,,,,,1956,,,,,,,,,,,,,,,,,,,,,
Dick Gibson,United Kingdom,N,N,N,N,N,N,Cooper,,,,,,,,,,,,,1957,1958,,,,,,,,,,,,,,,,,,,,
Dick Rathmann,United States Of America,Y,N,N,N,Y,N,Kurtis Kraft,Watson,,,,,,,,,,,,1950,1956,1958,1959,1960,,,,,,,,,,,,,,,,,
Didier Pironi,France,Y,Y,Y,N,Y,Y,Ferrari,Ligier,Tyrrell,,,,,,,,,,,1978,1979,1980,1981,1982,,,,,,,,,,,,,,,,,
Dieter Quester,Austria,N,N,N,N,N,N,Surtees,,,,,,,,,,,,,1974,,,,,,,,,,,,,,,,,,,,,
Domenico Schiattarella,Italy,N,N,N,N,N,N,Simtek,,,,,,,,,,,,,1994,1995,,,,,,,,,,,,,,,,,,,,
Don Beauman,United Kingdom,N,N,N,N,N,N,Connaught,,,,,,,,,,,,,1954,,,,,,,,,,,,,,,,,,,,,
Don Branson,United States Of America,Y,N,N,N,N,N,Phillips,,,,,,,,,,,,,1959,1960,,,,,,,,,,,,,,,,,,,,
Don Edmunds,United States Of America,N,N,N,N,N,N,Kurtis Kraft,,,,,,,,,,,,,1957,,,,,,,,,,,,,,,,,,,,,
Don Freeland,United States Of America,Y,Y,N,N,N,N,Kurtis Kraft,Phillips,Watson,,,,,,,,,,,1953,1954,1955,1956,1957,1958,1959,1960,,,,,,,,,,,,,,
Dorino Serafini,Italy,Y,Y,N,N,N,N,Ferrari,,,,,,,,,,,,,1950,,,,,,,,,,,,,,,,,,,,,
Doug Serrurier,South Africa,N,N,N,N,N,N,LDS,,,,,,,,,,,,,1962,1963,,,,,,,,,,,,,,,,,,,,
Dries van der Lof,Netherlands,N,N,N,N,N,N,HWM,,,,,,,,,,,,,1952,,,,,,,,,,,,,,,,,,,,,
Duane Carter,United States Of America,Y,Y,N,N,N,N,Deidt,Kurtis Kraft,Kuzma,Lesovsky,Stevens,,,,,,,,,1950,1951,1952,1953,1954,1955,1959,1960,,,,,,,,,,,,,,
Duke Dinsmore,United States Of America,N,N,N,N,N,N,Kurtis Kraft,Schroeder,,,,,,,,,,,,1950,1951,1953,1956,,,,,,,,,,,,,,,,,,
Duke Nalon,United States Of America,N,N,N,N,Y,N,Kurtis Kraft,,,,,,,,,,,,,1951,1952,1953,,,,,,,,,,,,,,,,,,,
Duncan Hamilton,United Kingdom,N,N,N,N,N,N,HWM,Talbot-Lago,,,,,,,,,,,,1951,1952,1953,,,,,,,,,,,,,,,,,,,
Ed Elisian,United States Of America,N,N,N,N,N,N,Kurtis Kraft,Stevens,Watson,,,,,,,,,,,1954,1955,1956,1957,1958,,,,,,,,,,,,,,,,,
Eddie Cheever,United States Of America,Y,Y,N,N,N,N,Alfa Romeo,Arrows,Hesketh,Ligier,Lola,Osella,Renault,Tyrrell,,,,,,1978,1980,1981,1982,1983,1984,1985,1986,1987,1988,1989,,,,,,,,,,,
Eddie Irvine,United Kingdom,Y,Y,Y,N,N,Y,Ferrari,Jaguar,Jordan,,,,,,,,,,,1993,1994,1995,1996,1997,1998,1999,2000,2001,2002,,,,,,,,,,,,
Eddie Johnson,United States Of America,Y,N,N,N,N,N,Kurtis Kraft,Kuzma,Pawl,Trevis,,,,,,,,,,1952,1953,1954,1955,1956,1957,1958,1959,1960,,,,,,,,,,,,,
Eddie Keizan,South Africa,N,N,N,N,N,N,Team Lotus,Tyrrell,,,,,,,,,,,,1973,1974,1975,,,,,,,,,,,,,,,,,,,
Eddie Russo,United States Of America,N,N,N,N,N,N,Kurtis Kraft,Pawl,,,,,,,,,,,,1955,1956,1957,1960,,,,,,,,,,,,,,,,,,
Eddie Sachs,United States Of America,N,N,N,N,Y,N,Ewing,Kuzma,,,,,,,,,,,,1957,1958,1959,1960,,,,,,,,,,,,,,,,,,
Edgar Barth,Germany,N,N,N,N,N,N,Cooper-Climax,EMW,Porsche,,,,,,,,,,,1953,1957,1958,1960,1961,1964,,,,,,,,,,,,,,,,
Eitel Cantoni,Uruguay,N,N,N,N,N,N,Maserati,,,,,,,,,,,,,1952,,,,,,,,,,,,,,,,,,,,,
Elio de Angelis,Italy,Y,Y,Y,N,Y,N,Brabham,Shadow,Team Lotus,,,,,,,,,,,1979,1980,1981,1982,1983,1984,1985,1986,,,,,,,,,,,,,,
Eliseo Salazar,Chile,Y,N,N,N,N,N,ATS,Ensign,March,RAM,,,,,,,,,,1981,1982,1983,,,,,,,,,,,,,,,,,,,
Elmer George,United States Of America,N,N,N,N,N,N,Kurtis Kraft,,,,,,,,,,,,,1957,,,,,,,,,,,,,,,,,,,,,
Emanuele Naspetti,Italy,N,N,N,N,N,N,Jordan,March,,,,,,,,,,,,1992,1993,,,,,,,,,,,,,,,,,,,,
Emanuele Pirro,Italy,Y,N,N,N,N,N,Benetton,Dallara,,,,,,,,,,,,1989,1990,1991,,,,,,,,,,,,,,,,,,,
Emerson Fittipaldi,Brazil,Y,Y,Y,Y,Y,Y,Fittipaldi,Lotus-Ford,Lotus-Pratt &amp; Whitney,McLaren,Team Lotus,,,,,,,,,1970,1971,1972,1973,1974,1975,1976,1977,1978,1979,1980,,,,,,,,,,,
Emilio de Villota,Spain,N,N,N,N,N,N,McLaren,,,,,,,,,,,,,1977,,,,,,,,,,,,,,,,,,,,,
Enrique Bernoldi,Brazil,N,N,N,N,N,N,Arrows,,,,,,,,,,,,,2001,2002,,,,,,,,,,,,,,,,,,,,
Eppie Wietzes,Canada,N,N,N,N,N,N,Brabham,Lotus-Ford,,,,,,,,,,,,1967,1974,,,,,,,,,,,,,,,,,,,,
Eric Brandon,United Kingdom,N,N,N,N,N,N,Cooper,,,,,,,,,,,,,1952,1954,,,,,,,,,,,,,,,,,,,,
Eric Thompson,United Kingdom,Y,N,N,N,N,N,Connaught,,,,,,,,,,,,,1952,,,,,,,,,,,,,,,,,,,,,
Eric van de Poele,Belgium,N,N,N,N,N,N,Brabham,Fondmetal,Lambo,,,,,,,,,,,1991,1992,,,,,,,,,,,,,,,,,,,,
Ernesto Prinoth,Italy,N,N,N,N,N,N,Lotus-Climax,,,,,,,,,,,,,1961,,,,,,,,,,,,,,,,,,,,,
Ernie McCoy,United States Of America,N,N,N,N,N,N,Kurtis Kraft,Stevens,,,,,,,,,,,,1953,1954,,,,,,,,,,,,,,,,,,,,
Ernie Pieterse,South Africa,N,N,N,N,N,N,Lotus-Climax,,,,,,,,,,,,,1962,1963,,,,,,,,,,,,,,,,,,,,
Ernie de Vos,Unknown,N,N,N,N,N,N,Stebro,,,,,,,,,,,,,1963,,,,,,,,,,,,,,,,,,,,,
Ernst Klodwig,Germany,N,N,N,N,N,N,BMW,,,,,,,,,,,,,1952,1953,,,,,,,,,,,,,,,,,,,,
Ernst Loof,Germany,N,N,N,N,N,N,Veritas,,,,,,,,,,,,,1953,,,,,,,,,,,,,,,,,,,,,
Erwin Bauer,Germany,N,N,N,N,N,N,Veritas,,,,,,,,,,,,,1953,,,,,,,,,,,,,,,,,,,,,
Esteban Gutiérrez,Mexico,Y,N,N,N,N,Y,Haas F1 Team,Sauber,,,,,,,,,,,,2013,2014,2016,,,,,,,,,,,,,,,,,,,
Esteban Ocon,France,Y,Y,Y,N,N,Y,Alpine F1 Team,Force India,Haas F1 Team,Manor Marussia,Renault,,,,,,,,,2016,2017,2018,2020,2021,2022,2023,2024,2025,,,,,,,,,,,,,
Esteban Tuero,Argentina,N,N,N,N,N,N,Minardi,,,,,,,,,,,,,1998,,,,,,,,,,,,,,,,,,,,,
Ettore Chimeri,Venezuela,N,N,N,N,N,N,Maserati,,,,,,,,,,,,,1960,,,,,,,,,,,,,,,,,,,,,
Eugenio Castellotti,Italy,Y,Y,N,N,Y,N,Ferrari,Lancia,,,,,,,,,,,,1955,1956,1957,,,,,,,,,,,,,,,,,,,
Eugène Chaboud,France,Y,N,N,N,N,N,Talbot-Lago,,,,,,,,,,,,,1950,1951,,,,,,,,,,,,,,,,,,,,
Eugène Martin,France,N,N,N,N,N,N,Talbot-Lago,,,,,,,,,,,,,1950,,,,,,,,,,,,,,,,,,,,,
Fabrizio Barbazza,Italy,Y,N,N,N,N,N,Minardi,,,,,,,,,,,,,1993,,,,,,,,,,,,,,,,,,,,,
Felice Bonetto,Italy,Y,Y,N,N,Y,N,Alfa Romeo,Maserati,Milano,,,,,,,,,,,1950,1951,1952,1953,,,,,,,,,,,,,,,,,,
Felipe Massa,Brazil,Y,Y,Y,N,Y,Y,Ferrari,Sauber,Williams,,,,,,,,,,,2002,2004,2005,2006,2007,2008,2009,2010,2011,2012,2013,2014,2015,2016,2017,,,,,,,
Felipe Nasr,Brazil,Y,N,N,N,N,N,Sauber,,,,,,,,,,,,,2015,2016,,,,,,,,,,,,,,,,,,,,
Fernando Alonso,Spain,Y,Y,Y,Y,Y,Y,Alpine F1 Team,Aston Martin,Ferrari,McLaren,Minardi,Renault,,,,,,,,2001,2003,2004,2005,2006,2007,2008,2009,2010,2011,2012,2013,2014,2015,2016,2017,2018,2021,2022,2023,2024,2025
Franck Lagorce,France,N,N,N,N,N,N,Ligier,,,,,,,,,,,,,1994,,,,,,,,,,,,,,,,,,,,,
Franck Montagny,France,N,N,N,N,N,N,Super Aguri,,,,,,,,,,,,,2006,,,,,,,,,,,,,,,,,,,,,
Franco Colapinto,Argentina,Y,N,N,N,N,N,Alpine F1 Team,Williams,,,,,,,,,,,,2024,2025,,,,,,,,,,,,,,,,,,,,
Franco Comotti,Italy,N,N,N,N,N,N,Ferrari,Maserati,,,,,,,,,,,,1950,1952,,,,,,,,,,,,,,,,,,,,
Franco Forini,Switzerland,N,N,N,N,N,N,Osella,,,,,,,,,,,,,1987,,,,,,,,,,,,,,,,,,,,,
Franco Rol,Italy,N,N,N,N,N,N,Maserati,OSCA,,,,,,,,,,,,1950,1951,1952,,,,,,,,,,,,,,,,,,,
Frank Armi,United States Of America,N,N,N,N,N,N,Kurtis Kraft,,,,,,,,,,,,,1954,,,,,,,,,,,,,,,,,,,,,
Frank Dochnal,United States Of America,N,N,N,N,N,N,Cooper-Climax,,,,,,,,,,,,,1963,,,,,,,,,,,,,,,,,,,,,
Frank Gardner,Australia,N,N,N,N,N,N,Brabham-BRM,Brabham-Ford,,,,,,,,,,,,1964,1965,,,,,,,,,,,,,,,,,,,,
François Cevert,France,Y,Y,Y,N,N,Y,March,Tyrrell,,,,,,,,,,,,1970,1971,1972,1973,,,,,,,,,,,,,,,,,,
François Hesnault,France,N,N,N,N,N,N,Brabham,Ligier,Renault,,,,,,,,,,,1984,1985,,,,,,,,,,,,,,,,,,,,
François Mazet,France,N,N,N,N,N,N,March-Ford,,,,,,,,,,,,,1971,,,,,,,,,,,,,,,,,,,,,
François Migault,France,N,N,N,N,N,N,BRM,Connew,Embassy Hill,Lola,Williams,,,,,,,,,1972,1974,1975,,,,,,,,,,,,,,,,,,,
François Picard,France,N,N,N,N,N,N,Cooper,,,,,,,,,,,,,1958,,,,,,,,,,,,,,,,,,,,,
Fred Agabashian,United States Of America,Y,N,N,N,Y,N,Kurtis Kraft,,,,,,,,,,,,,1950,1951,1952,1953,1954,1955,1956,1957,,,,,,,,,,,,,,
Fred Gamble,United States Of America,N,N,N,N,N,N,Behra-Porsche,,,,,,,,,,,,,1960,,,,,,,,,,,,,,,,,,,,,
Fred Wacker,United States Of America,N,N,N,N,N,N,Gordini,,,,,,,,,,,,,1953,1954,,,,,,,,,,,,,,,,,,,,
Fritz Riess,Germany,N,N,N,N,N,N,Veritas,,,,,,,,,,,,,1952,,,,,,,,,,,,,,,,,,,,,
Fritz d'Orey,Brazil,N,N,N,N,N,N,Maserati,Tec-Mec,,,,,,,,,,,,1959,,,,,,,,,,,,,,,,,,,,,
Gabriel Bortoleto,Brazil,Y,N,N,N,N,N,Sauber,,,,,,,,,,,,,2025,,,,,,,,,,,,,,,,,,,,,
Gabriele Tarquini,Italy,Y,N,N,N,N,N,AGS,Coloni,Fondmetal,Osella,Tyrrell,,,,,,,,,1987,1988,1989,1990,1991,1992,1995,,,,,,,,,,,,,,,
Gaetano Starrabba,Italy,N,N,N,N,N,N,Lotus-Maserati,,,,,,,,,,,,,1961,1963,,,,,,,,,,,,,,,,,,,,
Gary Hocking,Unknown,N,N,N,N,N,N,Lotus-Climax,,,,,,,,,,,,,1962,,,,,,,,,,,,,,,,,,,,,
Gastón Mazzacane,Argentina,N,N,N,N,N,N,Minardi,Prost,,,,,,,,,,,,2000,2001,,,,,,,,,,,,,,,,,,,,
Gene Force,United States Of America,N,N,N,N,N,N,Kurtis Kraft,,,,,,,,,,,,,1951,1960,,,,,,,,,,,,,,,,,,,,
Gene Hartley,United States Of America,N,N,N,N,N,N,Kurtis Kraft,Kuzma,Langley,Lesovsky,,,,,,,,,,1950,1952,1953,1954,1956,1957,1959,1960,,,,,,,,,,,,,,
Geoff Crossley,Unknown,N,N,N,N,N,N,Alta,,,,,,,,,,,,,1950,,,,,,,,,,,,,,,,,,,,,
Geoff Duke,Unknown,N,N,N,N,N,N,Cooper-Climax,,,,,,,,,,,,,1961,,,,,,,,,,,,,,,,,,,,,
Geoff Lees,United Kingdom,N,N,N,N,N,N,Ensign,Shadow,Team Lotus,Theodore,Tyrrell,,,,,,,,,1979,1980,1982,,,,,,,,,,,,,,,,,,,
George Abecassis,United Kingdom,N,N,N,N,N,N,HWM,,,,,,,,,,,,,1951,1952,,,,,,,,,,,,,,,,,,,,
George Amick,United States Of America,Y,Y,N,N,N,N,Epperly,,,,,,,,,,,,,1958,,,,,,,,,,,,,,,,,,,,,
George Connor,United States Of America,N,N,N,N,N,N,Kurtis Kraft,Lesovsky,,,,,,,,,,,,1950,1951,1952,,,,,,,,,,,,,,,,,,,
George Constantine,United States Of America,N,N,N,N,N,N,Cooper-Borgward,,,,,,,,,,,,,1959,,,,,,,,,,,,,,,,,,,,,
George Eaton,Canada,N,N,N,N,N,N,BRM,,,,,,,,,,,,,1969,1970,1971,,,,,,,,,,,,,,,,,,,
George Follmer,United States Of America,Y,Y,N,N,N,N,Shadow,,,,,,,,,,,,,1973,,,,,,,,,,,,,,,,,,,,,
George Fonder,United States Of America,N,N,N,N,N,N,Kurtis Kraft,Sherman,,,,,,,,,,,,1952,1954,,,,,,,,,,,,,,,,,,,,
George Russell,United Kingdom,Y,Y,Y,N,Y,Y,Mercedes,Williams,,,,,,,,,,,,2019,2020,2021,2022,2023,2024,2025,,,,,,,,,,,,,,,
Georges Berger,Belgium,N,N,N,N,N,N,Gordini,Simca,,,,,,,,,,,,1953,1954,,,,,,,,,,,,,,,,,,,,
Georges Grignard,France,N,N,N,N,N,N,Talbot-Lago,,,,,,,,,,,,,1951,,,,,,,,,,,,,,,,,,,,,
Gerhard Berger,Austria,Y,Y,Y,N,Y,Y,ATS,Arrows,Benetton,Ferrari,McLaren,,,,,,,,,1984,1985,1986,1987,1988,1989,1990,1991,1992,1993,1994,1995,1996,1997,,,,,,,,
Gerhard Mitter,Germany,Y,N,N,N,N,N,Lotus-Climax,Porsche,,,,,,,,,,,,1963,1964,1965,,,,,,,,,,,,,,,,,,,
Gerino Gerini,Italy,Y,N,N,N,N,N,Maserati,,,,,,,,,,,,,1956,1958,,,,,,,,,,,,,,,,,,,,
Gerry Ashmore,United Kingdom,N,N,N,N,N,N,BRM,Lotus-Climax,,,,,,,,,,,,1961,1962,,,,,,,,,,,,,,,,,,,,
Giacomo Russo,Italy,N,N,N,N,N,N,Lotus-Climax,,,,,,,,,,,,,1965,1966,,,,,,,,,,,,,,,,,,,,
Giancarlo Baghetti,Italy,Y,Y,Y,N,N,Y,ATS,BRM,Brabham-Climax,Ferrari,Lotus-Ford,,,,,,,,,1961,1962,1963,1964,1965,1966,1967,,,,,,,,,,,,,,,
Giancarlo Fisichella,Italy,Y,Y,Y,N,Y,Y,Benetton,Ferrari,Force India,Jordan,Minardi,Renault,Sauber,,,,,,,1996,1997,1998,1999,2000,2001,2002,2003,2004,2005,2006,2007,2008,2009,,,,,,,,
Gianmaria Bruni,Italy,N,N,N,N,N,N,Minardi,,,,,,,,,,,,,2004,,,,,,,,,,,,,,,,,,,,,
Gianni Morbidelli,Italy,Y,Y,N,N,N,N,Dallara,Ferrari,Footwork,Minardi,Sauber,,,,,,,,,1990,1991,1992,1994,1995,1997,,,,,,,,,,,,,,,,
Giedo van der Garde,Netherlands,N,N,N,N,N,N,Caterham,,,,,,,,,,,,,2013,,,,,,,,,,,,,,,,,,,,,
Gijs van Lennep,Netherlands,Y,N,N,N,N,N,Ensign,Iso Marlboro,Surtees,,,,,,,,,,,1971,1973,1974,1975,,,,,,,,,,,,,,,,,,
Gilles Villeneuve,Canada,Y,Y,Y,N,Y,Y,Ferrari,McLaren,,,,,,,,,,,,1977,1978,1979,1980,1981,1982,,,,,,,,,,,,,,,,
Gino Bianco,Brazil,N,N,N,N,N,N,Maserati,,,,,,,,,,,,,1952,,,,,,,,,,,,,,,,,,,,,
Gino Munaron,Italy,N,N,N,N,N,N,Cooper-Castellotti,Maserati,,,,,,,,,,,,1960,,,,,,,,,,,,,,,,,,,,,
Giorgio Bassi,Italy,N,N,N,N,N,N,BRM,,,,,,,,,,,,,1965,,,,,,,,,,,,,,,,,,,,,
Giorgio Pantano,Italy,N,N,N,N,N,N,Jordan,,,,,,,,,,,,,2004,,,,,,,,,,,,,,,,,,,,,
Giorgio Scarlatti,Italy,Y,N,N,N,N,N,Cooper-Climax,Cooper-Maserati,De Tomaso-Osca,Ferrari,Maserati,,,,,,,,,1956,1957,1958,1959,1960,1961,,,,,,,,,,,,,,,,
Giovanni Lavaggi,Italy,N,N,N,N,N,N,Minardi,Pacific,,,,,,,,,,,,1995,1996,,,,,,,,,,,,,,,,,,,,
Giulio Cabianca,Italy,Y,N,N,N,N,N,Cooper-Castellotti,Maserati,,,,,,,,,,,,1958,1959,1960,,,,,,,,,,,,,,,,,,,
Graham Hill,United Kingdom,Y,Y,Y,Y,Y,Y,BRM,Brabham,Lola,Lotus-BRM,Lotus-Ford,Shadow,Team Lotus,,,,,,,1958,1959,1960,1961,1962,1963,1964,1965,1966,1967,1968,1969,1970,1971,1972,1973,1974,1975,,,,
Graham McRae,New Zealand,N,N,N,N,N,N,Iso Marlboro,,,,,,,,,,,,,1973,,,,,,,,,,,,,,,,,,,,,
Graham Whitehead,United Kingdom,N,N,N,N,N,N,Alta,,,,,,,,,,,,,1952,,,,,,,,,,,,,,,,,,,,,
Gregor Foitek,Switzerland,N,N,N,N,N,N,Brabham,Onyx,,,,,,,,,,,,1990,,,,,,,,,,,,,,,,,,,,,
Guanyu Zhou,China,Y,N,N,N,N,Y,Alfa Romeo,Sauber,,,,,,,,,,,,2022,2023,2024,,,,,,,,,,,,,,,,,,,
Gunnar Nilsson,Sweden,Y,Y,Y,N,N,Y,Team Lotus,,,,,,,,,,,,,1976,1977,,,,,,,,,,,,,,,,,,,,
Gus Hutchison,United States Of America,N,N,N,N,N,N,Brabham,,,,,,,,,,,,,1970,,,,,,,,,,,,,,,,,,,,,
Guy Edwards,United Kingdom,N,N,N,N,N,N,Hesketh,Lola,,,,,,,,,,,,1974,1976,,,,,,,,,,,,,,,,,,,,
Guy Ligier,France,Y,N,N,N,N,N,Brabham-Repco,Cooper-Maserati,,,,,,,,,,,,1966,1967,,,,,,,,,,,,,,,,,,,,
Guy Mairesse,France,N,N,N,N,N,N,Talbot-Lago,,,,,,,,,,,,,1950,1951,,,,,,,,,,,,,,,,,,,,
Guy Tunmer,South Africa,N,N,N,N,N,N,Team Lotus,,,,,,,,,,,,,1975,,,,,,,,,,,,,,,,,,,,,
Gérard Larrousse,France,N,N,N,N,N,N,Brabham,,,,,,,,,,,,,1974,,,,,,,,,,,,,,,,,,,,,
Günther Bechem,Unknown,N,N,N,N,N,N,AFM,BMW,,,,,,,,,,,,1952,1953,,,,,,,,,,,,,,,,,,,,
Günther Seiffert,Germany,N,N,N,N,N,N,Lotus-BRM,,,,,,,,,,,,,1963,,,,,,,,,,,,,,,,,,,,,
Hans Binder,Austria,N,N,N,N,N,N,Ensign,Penske,Surtees,Wolf,,,,,,,,,,1976,1977,,,,,,,,,,,,,,,,,,,,
Hans Herrmann,Germany,Y,Y,N,N,N,Y,BRM,Cooper-Maserati,Maserati,Mercedes,Porsche,Veritas,,,,,,,,1953,1954,1955,1957,1958,1959,1960,1961,,,,,,,,,,,,,,
Hans Klenk,Germany,N,N,N,N,N,N,Veritas,,,,,,,,,,,,,1952,,,,,,,,,,,,,,,,,,,,,
Hans von Stuck,Unknown,N,N,N,N,N,N,AFM,,,,,,,,,,,,,1952,1953,,,,,,,,,,,,,,,,,,,,
Hans-Joachim Stuck,Germany,Y,Y,N,N,N,N,ATS,Brabham,March,Shadow,,,,,,,,,,1974,1975,1976,1977,1978,1979,,,,,,,,,,,,,,,,
Hap Sharp,United States Of America,N,N,N,N,N,N,Brabham-BRM,Cooper-Climax,Lotus-BRM,,,,,,,,,,,1961,1962,1963,1964,,,,,,,,,,,,,,,,,,
Harald Ertl,Austria,N,N,N,N,N,N,Ensign,Hesketh,,,,,,,,,,,,1975,1976,1977,1978,,,,,,,,,,,,,,,,,,
Harry Blanchard,United States Of America,N,N,N,N,N,N,Porsche,,,,,,,,,,,,,1959,,,,,,,,,,,,,,,,,,,,,
Harry Schell,United States Of America,Y,Y,N,N,N,N,BRM,Cooper,Cooper-Climax,Ferrari,Gordini,Maserati,Talbot-Lago,Vanwall,,,,,,1950,1951,1952,1953,1954,1955,1956,1957,1958,1959,1960,,,,,,,,,,,
Hector Rebaque,Unknown,Y,N,N,N,N,N,Brabham,Hesketh,Rebaque,Team Lotus,,,,,,,,,,1977,1978,1979,1980,1981,,,,,,,,,,,,,,,,,
Heikki Kovalainen,Finland,Y,Y,Y,N,Y,Y,Caterham,Lotus,Lotus F1,McLaren,Renault,,,,,,,,,2007,2008,2009,2010,2011,2012,2013,,,,,,,,,,,,,,,
Heini Walter,Switzerland,N,N,N,N,N,N,Porsche,,,,,,,,,,,,,1962,,,,,,,,,,,,,,,,,,,,,
Heinz Schiller,Switzerland,N,N,N,N,N,N,Lotus-BRM,Porsche,,,,,,,,,,,,1962,,,,,,,,,,,,,,,,,,,,,
Heinz-Harald Frentzen,Germany,Y,Y,Y,N,Y,Y,Arrows,Jordan,Prost,Sauber,Williams,,,,,,,,,1994,1995,1996,1997,1998,1999,2000,2001,2002,2003,,,,,,,,,,,,
Helmut Marko,Austria,N,N,N,N,N,N,BRM,,,,,,,,,,,,,1971,1972,,,,,,,,,,,,,,,,,,,,
Helmut Niedermayr,Germany,N,N,N,N,N,N,AFM,,,,,,,,,,,,,1952,,,,,,,,,,,,,,,,,,,,,
Helmuth Koinigg,Austria,N,N,N,N,N,N,Surtees,,,,,,,,,,,,,1974,,,,,,,,,,,,,,,,,,,,,
Henri Louveau,France,N,N,N,N,N,N,Talbot-Lago,,,,,,,,,,,,,1950,1951,,,,,,,,,,,,,,,,,,,,
Henri Pescarolo,France,Y,Y,N,N,N,Y,BRM,Iso Marlboro,March,March-Ford,Matra,Politoys,Surtees,,,,,,,1968,1970,1971,1972,1973,1974,1976,,,,,,,,,,,,,,,
Henry Banks,United States Of America,N,N,N,N,N,N,Lesovsky,Maserati,Moore,,,,,,,,,,,1950,1951,1952,,,,,,,,,,,,,,,,,,,
Henry Taylor,United Kingdom,Y,N,N,N,N,N,Cooper-Climax,Lotus-Climax,,,,,,,,,,,,1959,1960,1961,,,,,,,,,,,,,,,,,,,
Herbert MacKay-Fraser,United States Of America,N,N,N,N,N,N,BRM,,,,,,,,,,,,,1957,,,,,,,,,,,,,,,,,,,,,
Hermann Lang,Germany,Y,N,N,N,N,N,Maserati,Mercedes,,,,,,,,,,,,1953,1954,,,,,,,,,,,,,,,,,,,,
Hernando da Silva Ramos,Unknown,Y,N,N,N,N,N,Gordini,,,,,,,,,,,,,1955,1956,,,,,,,,,,,,,,,,,,,,
Hideki Noda,Japan,N,N,N,N,N,N,Larrousse,,,,,,,,,,,,,1994,,,,,,,,,,,,,,,,,,,,,
Hiroshi Fushida,Japan,N,N,N,N,N,N,Maki,,,,,,,,,,,,,1975,,,,,,,,,,,,,,,,,,,,,
Horace Gould,United Kingdom,Y,N,N,N,N,N,Cooper,Maserati,,,,,,,,,,,,1954,1955,1956,1957,1958,1960,,,,,,,,,,,,,,,,
Howden Ganley,New Zealand,Y,N,N,N,N,N,BRM,Iso Marlboro,March,,,,,,,,,,,1971,1972,1973,1974,,,,,,,,,,,,,,,,,,
Hubert Hahne,Germany,N,N,N,N,N,N,Lola,,,,,,,,,,,,,1967,1968,,,,,,,,,,,,,,,,,,,,
Huub Rothengatter,Netherlands,N,N,N,N,N,N,Osella,Spirit,Zakspeed,,,,,,,,,,,1984,1985,1986,,,,,,,,,,,,,,,,,,,
Ian Ashley,United Kingdom,N,N,N,N,N,N,BRM,Hesketh,Token,Williams,,,,,,,,,,1974,1975,1976,1977,,,,,,,,,,,,,,,,,,
Ian Burgess,United Kingdom,N,N,N,N,N,N,Cooper,Cooper-Climax,Cooper-Maserati,Lotus-Climax,Scirocco,,,,,,,,,1958,1959,1960,1961,1962,1963,,,,,,,,,,,,,,,,
Ian Raby,United Kingdom,N,N,N,N,N,N,Brabham-BRM,Gilby,,,,,,,,,,,,1963,1964,1965,,,,,,,,,,,,,,,,,,,
Ian Scheckter,South Africa,N,N,N,N,N,N,March,Team Lotus,Tyrrell,Williams,,,,,,,,,,1974,1975,1976,1977,,,,,,,,,,,,,,,,,,
Ian Stewart,United Kingdom,N,N,N,N,N,N,Connaught,,,,,,,,,,,,,1953,,,,,,,,,,,,,,,,,,,,,
Ignazio Giunti,Italy,Y,N,N,N,N,N,Ferrari,,,,,,,,,,,,,1970,,,,,,,,,,,,,,,,,,,,,
Ingo Hoffmann,Brazil,N,N,N,N,N,N,Fittipaldi,,,,,,,,,,,,,1976,1977,,,,,,,,,,,,,,,,,,,,
Innes Ireland,United Kingdom,Y,Y,Y,N,N,Y,BRM,BRP,Lotus-BRM,Lotus-Climax,Team Lotus,,,,,,,,,1959,1960,1961,1962,1963,1964,1965,1966,,,,,,,,,,,,,,
Isack Hadjar,France,Y,Y,N,N,N,N,RB F1 Team,,,,,,,,,,,,,2025,,,,,,,,,,,,,,,,,,,,,
Ivan Capelli,Italy,Y,Y,N,N,N,N,AGS,Ferrari,Jordan,Leyton House,March,Tyrrell,,,,,,,,1985,1986,1987,1988,1989,1990,1991,1992,1993,,,,,,,,,,,,,
Ivor Bueb,United Kingdom,N,N,N,N,N,N,Connaught,Cooper-Borgward,Maserati,Team Lotus,,,,,,,,,,1957,1958,1959,,,,,,,,,,,,,,,,,,,
Jack Aitken,United Kingdom,N,N,N,N,N,N,Williams,,,,,,,,,,,,,2020,,,,,,,,,,,,,,,,,,,,,
Jack Brabham,Australia,Y,Y,Y,Y,Y,Y,Brabham,Brabham-Climax,Brabham-Ford,Brabham-Repco,Cooper,Cooper-Climax,Lotus-Climax,Maserati,,,,,,1955,1956,1957,1958,1959,1960,1961,1962,1963,1964,1965,1966,1967,1968,1969,1970,,,,,,
Jack Doohan,Australia,N,N,N,N,N,N,Alpine F1 Team,,,,,,,,,,,,,2024,2025,,,,,,,,,,,,,,,,,,,,
Jack Fairman,United Kingdom,Y,N,N,N,N,N,BRM,Connaught,Cooper,Cooper-Climax,Cooper-Maserati,Ferguson,HWM,,,,,,,1953,1955,1956,1957,1958,1959,1960,1961,,,,,,,,,,,,,,
Jack McGrath,United States Of America,Y,Y,N,N,Y,Y,Kurtis Kraft,,,,,,,,,,,,,1950,1951,1952,1953,1954,1955,,,,,,,,,,,,,,,,
Jack Turner,United States Of America,N,N,N,N,N,N,Christensen,Kurtis Kraft,Lesovsky,,,,,,,,,,,1956,1957,1958,1959,,,,,,,,,,,,,,,,,,
Jackie Holmes,United States Of America,N,N,N,N,N,N,Kurtis Kraft,Olson,,,,,,,,,,,,1950,1953,,,,,,,,,,,,,,,,,,,,
Jackie Lewis,United Kingdom,Y,N,N,N,N,N,BRM,Cooper,Cooper-Climax,,,,,,,,,,,1961,1962,,,,,,,,,,,,,,,,,,,,
Jackie Oliver,United Kingdom,Y,Y,N,N,N,Y,BRM,BRM-Ford,Lotus-Ford,McLaren,Shadow,,,,,,,,,1967,1968,1969,1970,1971,1972,1973,1977,,,,,,,,,,,,,,
Jackie Pretorius,South Africa,N,N,N,N,N,N,Brabham,Brabham-Climax,Iso Marlboro,,,,,,,,,,,1968,1971,1973,,,,,,,,,,,,,,,,,,,
Jackie Stewart,United Kingdom,Y,Y,Y,Y,Y,Y,BRM,March,Matra-Ford,Tyrrell,,,,,,,,,,1965,1966,1967,1968,1969,1970,1971,1972,1973,,,,,,,,,,,,,
Jacky Ickx,Belgium,Y,Y,Y,N,Y,Y,Brabham-Ford,Cooper-Maserati,Ensign,Ferrari,Iso Marlboro,Ligier,Matra,McLaren,Team Lotus,Wolf,,,,1967,1968,1969,1970,1971,1972,1973,1974,1975,1976,1977,1978,1979,,,,,,,,,
Jacques Laffite,France,Y,Y,Y,N,Y,Y,Iso Marlboro,Ligier,Williams,,,,,,,,,,,1974,1975,1976,1977,1978,1979,1980,1981,1982,1983,1984,1985,1986,,,,,,,,,
Jacques Pollet,France,N,N,N,N,N,N,Gordini,,,,,,,,,,,,,1954,1955,,,,,,,,,,,,,,,,,,,,
Jacques Swaters,Belgium,N,N,N,N,N,N,Ferrari,Talbot-Lago,,,,,,,,,,,,1951,1953,1954,,,,,,,,,,,,,,,,,,,
Jacques Villeneuve,Canada,Y,Y,Y,Y,Y,Y,BAR,BMW Sauber,Renault,Sauber,Williams,,,,,,,,,1996,1997,1998,1999,2000,2001,2002,2003,2004,2005,2006,,,,,,,,,,,
Jaime Alguersuari,Spain,Y,N,N,N,N,N,Toro Rosso,,,,,,,,,,,,,2009,2010,2011,,,,,,,,,,,,,,,,,,,
James Hunt,United Kingdom,Y,Y,Y,Y,Y,Y,Hesketh,March,McLaren,Wolf,,,,,,,,,,1973,1974,1975,1976,1977,1978,1979,,,,,,,,,,,,,,,
Jan Flinterman,Netherlands,N,N,N,N,N,N,Maserati,,,,,,,,,,,,,1952,,,,,,,,,,,,,,,,,,,,,
Jan Lammers,Netherlands,N,N,N,N,N,N,ATS,Ensign,March,Shadow,Theodore,,,,,,,,,1979,1980,1981,1982,1992,,,,,,,,,,,,,,,,,
Jan Magnussen,Denmark,Y,N,N,N,N,N,McLaren,Stewart,,,,,,,,,,,,1995,1997,1998,,,,,,,,,,,,,,,,,,,
Jarno Trulli,Italy,Y,Y,Y,N,Y,Y,Jordan,Lotus,Minardi,Prost,Renault,Toyota,,,,,,,,1997,1998,1999,2000,2001,2002,2003,2004,2005,2006,2007,2008,2009,2010,2011,,,,,,,
Jay Chamberlain,United States Of America,N,N,N,N,N,N,Lotus-Climax,,,,,,,,,,,,,1962,,,,,,,,,,,,,,,,,,,,,
Jean Alesi,France,Y,Y,Y,N,Y,Y,Benetton,Ferrari,Jordan,Prost,Sauber,Tyrrell,,,,,,,,1989,1990,1991,1992,1993,1994,1995,1996,1997,1998,1999,2000,2001,,,,,,,,,
Jean Behra,France,Y,Y,N,N,N,Y,BRM,Ferrari,Gordini,Maserati,,,,,,,,,,1952,1953,1954,1955,1956,1957,1958,1959,,,,,,,,,,,,,,
Jean Lucas,France,N,N,N,N,N,N,Gordini,,,,,,,,,,,,,1955,,,,,,,,,,,,,,,,,,,,,
Jean-Christophe Boullion,France,Y,N,N,N,N,N,Sauber,,,,,,,,,,,,,1995,,,,,,,,,,,,,,,,,,,,,
Jean-Denis Délétraz,Switzerland,N,N,N,N,N,N,Larrousse,Pacific,,,,,,,,,,,,1994,1995,,,,,,,,,,,,,,,,,,,,
Jean-Louis Schlesser,France,N,N,N,N,N,N,Williams,,,,,,,,,,,,,1988,,,,,,,,,,,,,,,,,,,,,
Jean-Marc Gounon,France,N,N,N,N,N,N,Minardi,Simtek,,,,,,,,,,,,1993,1994,,,,,,,,,,,,,,,,,,,,
Jean-Pierre Beltoise,France,Y,Y,Y,N,N,Y,BRM,Matra,Matra-Ford,McLaren-Ford,,,,,,,,,,1967,1968,1969,1970,1971,1972,1973,1974,,,,,,,,,,,,,,
Jean-Pierre Jabouille,France,Y,Y,Y,N,Y,N,Ligier,Renault,Tyrrell,,,,,,,,,,,1975,1977,1978,1979,1980,1981,,,,,,,,,,,,,,,,
Jean-Pierre Jarier,France,Y,Y,N,N,Y,Y,ATS,Ligier,March,March-Ford,Osella,Penske,Shadow,Shadow-Ford,Shadow-Matra,Team Lotus,Tyrrell,,,1971,1973,1974,1975,1976,1977,1978,1979,1980,1981,1982,1983,,,,,,,,,,
Jean-Éric Vergne,France,Y,N,N,N,N,N,Toro Rosso,,,,,,,,,,,,,2012,2013,2014,,,,,,,,,,,,,,,,,,,
Jenson Button,United Kingdom,Y,Y,Y,Y,Y,Y,BAR,Benetton,Brawn,Honda,McLaren,Renault,Williams,,,,,,,2000,2001,2002,2003,2004,2005,2006,2007,2008,2009,2010,2011,2012,2013,2014,2015,2016,2017,,,,
Jerry Hoyt,United States Of America,N,N,N,N,Y,N,Kurtis Kraft,Stevens,,,,,,,,,,,,1950,1953,1954,1955,,,,,,,,,,,,,,,,,,
Jerry Unser,Unknown,N,N,N,N,N,N,Kurtis Kraft,,,,,,,,,,,,,1958,,,,,,,,,,,,,,,,,,,,,
Jesús Iglesias,Argentina,N,N,N,N,N,N,Gordini,,,,,,,,,,,,,1955,,,,,,,,,,,,,,,,,,,,,
Jim Clark,United Kingdom,Y,Y,Y,Y,Y,Y,Lotus-BRM,Lotus-Climax,Lotus-Ford,Team Lotus,,,,,,,,,,1960,1961,1962,1963,1964,1965,1966,1967,1968,,,,,,,,,,,,,
Jim Crawford,United Kingdom,N,N,N,N,N,N,Team Lotus,,,,,,,,,,,,,1975,,,,,,,,,,,,,,,,,,,,,
Jim Hall,United States Of America,Y,N,N,N,N,N,Lotus-BRM,Lotus-Climax,Team Lotus,,,,,,,,,,,1960,1961,1962,1963,,,,,,,,,,,,,,,,,,
Jim Hurtubise,United States Of America,N,N,N,N,N,N,Christensen,,,,,,,,,,,,,1960,,,,,,,,,,,,,,,,,,,,,
Jim McWithey,United States Of America,N,N,N,N,N,N,Epperly,Kurtis Kraft,,,,,,,,,,,,1959,1960,,,,,,,,,,,,,,,,,,,,
Jim Rathmann,United States Of America,Y,Y,Y,N,N,Y,Epperly,Kurtis Kraft,Watson,Wetteroth,,,,,,,,,,1950,1952,1953,1954,1955,1956,1957,1958,1959,1960,,,,,,,,,,,,
Jim Rigsby,United States Of America,N,N,N,N,N,N,Watson,,,,,,,,,,,,,1952,,,,,,,,,,,,,,,,,,,,,
Jimmy Bryan,United States Of America,Y,Y,Y,N,N,N,Epperly,Kurtis Kraft,Kuzma,Schroeder,,,,,,,,,,1952,1953,1954,1955,1956,1957,1958,1959,1960,,,,,,,,,,,,,
Jimmy Davies,United States Of America,Y,Y,N,N,N,N,Ewing,Kurtis Kraft,Pawl,,,,,,,,,,,1950,1951,1953,1954,1955,,,,,,,,,,,,,,,,,
Jimmy Daywalt,United States Of America,N,N,N,N,N,N,Kurtis Kraft,Nichels,,,,,,,,,,,,1953,1954,1955,1956,1957,1959,,,,,,,,,,,,,,,,
Jimmy Jackson,United States Of America,N,N,N,N,N,N,Kurtis Kraft,,,,,,,,,,,,,1950,1954,,,,,,,,,,,,,,,,,,,,
Jimmy Reece,United States Of America,N,N,N,N,N,N,Kurtis Kraft,Lesovsky,Pankratz,Watson,,,,,,,,,,1952,1954,1955,1956,1957,1958,,,,,,,,,,,,,,,,
Jimmy Stewart,United Kingdom,N,N,N,N,N,N,Cooper,,,,,,,,,,,,,1953,,,,,,,,,,,,,,,,,,,,,
Jo Bonnier,Sweden,Y,Y,Y,N,Y,N,BRM,Brabham-BRM,Brabham-Climax,Cooper-Climax,Cooper-Maserati,Honda,Lotus-Ford,Maserati,McLaren,McLaren-BRM,McLaren-Ford,Porsche,,1956,1957,1958,1959,1960,1961,1962,1963,1964,1965,1966,1967,1968,1969,1970,1971,,,,,,
Jo Gartner,Austria,N,N,N,N,N,N,Osella,,,,,,,,,,,,,1984,,,,,,,,,,,,,,,,,,,,,
Jo Schlesser,France,N,N,N,N,N,N,Honda,Matra,,,,,,,,,,,,1967,1968,,,,,,,,,,,,,,,,,,,,
Jo Siffert,Switzerland,Y,Y,Y,N,Y,Y,BRM,Brabham-BRM,Brabham-Climax,Cooper-Maserati,Lotus-BRM,Lotus-Climax,Lotus-Ford,March,,,,,,1962,1963,1964,1965,1966,1967,1968,1969,1970,1971,,,,,,,,,,,,
Jo Vonlanthen,Switzerland,N,N,N,N,N,N,Williams,,,,,,,,,,,,,1975,,,,,,,,,,,,,,,,,,,,,
Jochen Mass,Germany,Y,Y,Y,N,N,Y,ATS,Arrows,March,McLaren,Surtees,,,,,,,,,1973,1974,1975,1976,1977,1978,1979,1980,1982,,,,,,,,,,,,,
Jochen Rindt,Austria,Y,Y,Y,Y,Y,Y,Brabham-BRM,Brabham-Repco,Cooper-Climax,Cooper-Maserati,Lotus-Ford,Team Lotus,,,,,,,,1964,1965,1966,1967,1968,1969,1970,,,,,,,,,,,,,,,
Jody Scheckter,South Africa,Y,Y,Y,Y,Y,Y,Ferrari,McLaren,Tyrrell,Wolf,,,,,,,,,,1972,1973,1974,1975,1976,1977,1978,1979,1980,,,,,,,,,,,,,
Joe Fry,United Kingdom,N,N,N,N,N,N,Maserati,,,,,,,,,,,,,1950,,,,,,,,,,,,,,,,,,,,,
Joe James,United States Of America,N,N,N,N,N,N,Kurtis Kraft,Watson,,,,,,,,,,,,1951,1952,,,,,,,,,,,,,,,,,,,,
Joe Kelly,Ireland,N,N,N,N,N,N,Alta,,,,,,,,,,,,,1950,1951,,,,,,,,,,,,,,,,,,,,
John Barber,United Kingdom,N,N,N,N,N,N,Cooper,,,,,,,,,,,,,1953,,,,,,,,,,,,,,,,,,,,,
John Campbell-Jones,United Kingdom,N,N,N,N,N,N,Cooper-Climax,Emeryson,Lola,Lotus-BRM,Lotus-Climax,,,,,,,,,1961,1962,1963,,,,,,,,,,,,,,,,,,,
John Cannon,Canada,N,N,N,N,N,N,BRM,,,,,,,,,,,,,1971,,,,,,,,,,,,,,,,,,,,,
John Cordts,Canada,N,N,N,N,N,N,Brabham-Climax,,,,,,,,,,,,,1969,,,,,,,,,,,,,,,,,,,,,
John Fitch,United States Of America,N,N,N,N,N,N,HWM,Maserati,,,,,,,,,,,,1953,1955,,,,,,,,,,,,,,,,,,,,
John James,United Kingdom,N,N,N,N,N,N,Maserati,,,,,,,,,,,,,1951,,,,,,,,,,,,,,,,,,,,,
John Love,Zimbabwe,Y,Y,N,N,N,N,Brabham-Repco,Cooper-Climax,Lotus-Ford,March-Ford,Surtees,Team Lotus,,,,,,,,1962,1963,1965,1967,1968,1969,1970,1971,1972,,,,,,,,,,,,,
John Miles,United Kingdom,Y,N,N,N,N,N,Lotus-Ford,Team Lotus,,,,,,,,,,,,1969,1970,,,,,,,,,,,,,,,,,,,,
John Nicholson,New Zealand,N,N,N,N,N,N,Lyncar,,,,,,,,,,,,,1975,,,,,,,,,,,,,,,,,,,,,
John Rhodes,United Kingdom,N,N,N,N,N,N,Cooper-Climax,,,,,,,,,,,,,1965,,,,,,,,,,,,,,,,,,,,,
John Riseley-Prichard,United Kingdom,N,N,N,N,N,N,Connaught,,,,,,,,,,,,,1954,,,,,,,,,,,,,,,,,,,,,
John Surtees,United Kingdom,Y,Y,Y,Y,Y,Y,BRM,Cooper-Climax,Cooper-Maserati,Ferrari,Honda,Lola,McLaren-Ford,Surtees,Team Lotus,,,,,1960,1961,1962,1963,1964,1965,1966,1967,1968,1969,1970,1971,1972,,,,,,,,,
John Taylor,United Kingdom,Y,N,N,N,N,N,Brabham-BRM,Cooper-Climax,,,,,,,,,,,,1964,1966,,,,,,,,,,,,,,,,,,,,
John Watson,United Kingdom,Y,Y,Y,N,Y,Y,Brabham,McLaren,Penske,Surtees,Team Lotus,,,,,,,,,1973,1974,1975,1976,1977,1978,1979,1980,1981,1982,1983,1985,,,,,,,,,,
Johnnie Parsons,United States Of America,Y,Y,Y,N,N,Y,Kurtis Kraft,,,,,,,,,,,,,1950,1951,1952,1953,1954,1955,1956,1957,1958,,,,,,,,,,,,,
Johnnie Tolan,United States Of America,N,N,N,N,N,N,Kurtis Kraft,Kuzma,,,,,,,,,,,,1956,1957,1958,,,,,,,,,,,,,,,,,,,
Johnny Boyd,United States Of America,Y,Y,N,N,N,N,Epperly,Kurtis Kraft,,,,,,,,,,,,1955,1956,1957,1958,1959,1960,,,,,,,,,,,,,,,,
Johnny Cecotto,Venezuela,Y,N,N,N,N,N,Theodore,Toleman,,,,,,,,,,,,1983,1984,,,,,,,,,,,,,,,,,,,,
Johnny Claes,Belgium,N,N,N,N,N,N,Connaught,Ferrari,Gordini,HWM,Maserati,Simca,Talbot-Lago,,,,,,,1950,1951,1952,1953,1955,,,,,,,,,,,,,,,,,
Johnny Dumfries,United Kingdom,Y,N,N,N,N,N,Team Lotus,,,,,,,,,,,,,1986,,,,,,,,,,,,,,,,,,,,,
Johnny Herbert,United Kingdom,Y,Y,Y,N,N,N,Benetton,Jaguar,Ligier,Sauber,Stewart,Team Lotus,Tyrrell,,,,,,,1989,1990,1991,1992,1993,1994,1995,1996,1997,1998,1999,2000,,,,,,,,,,
Johnny Mantz,United States Of America,N,N,N,N,N,N,Kurtis Kraft,,,,,,,,,,,,,1953,,,,,,,,,,,,,,,,,,,,,
Johnny McDowell,United States Of America,N,N,N,N,N,N,Kurtis Kraft,Maserati,,,,,,,,,,,,1950,1951,1952,,,,,,,,,,,,,,,,,,,
Johnny Servoz-Gavin,France,Y,Y,N,N,N,N,Cooper-BRM,March,Matra,Matra-Ford,,,,,,,,,,1967,1968,1969,1970,,,,,,,,,,,,,,,,,,
Johnny Thomson,United States Of America,Y,Y,N,N,Y,Y,Kurtis Kraft,Kuzma,Lesovsky,Nichels,,,,,,,,,,1953,1954,1955,1956,1957,1958,1959,1960,,,,,,,,,,,,,,
Joie Chitwood,United States Of America,Y,N,N,N,N,N,Kurtis Kraft,,,,,,,,,,,,,1950,,,,,,,,,,,,,,,,,,,,,
Jolyon Palmer,United Kingdom,Y,N,N,N,N,N,Renault,,,,,,,,,,,,,2016,2017,,,,,,,,,,,,,,,,,,,,
Jonathan Palmer,United Kingdom,Y,N,N,N,N,Y,RAM,Tyrrell,Williams,Zakspeed,,,,,,,,,,1983,1984,1985,1986,1987,1988,1989,,,,,,,,,,,,,,,
Jonathan Williams,United Kingdom,N,N,N,N,N,N,Ferrari,,,,,,,,,,,,,1967,,,,,,,,,,,,,,,,,,,,,
Jorge Daponte,Argentina,N,N,N,N,N,N,Maserati,,,,,,,,,,,,,1954,,,,,,,,,,,,,,,,,,,,,
Jos Verstappen,Netherlands,Y,Y,N,N,N,N,Arrows,Benetton,Footwork,Minardi,Simtek,Stewart,Tyrrell,,,,,,,1994,1995,1996,1997,1998,2000,2001,2003,,,,,,,,,,,,,,
Josef Peters,Germany,N,N,N,N,N,N,Veritas,,,,,,,,,,,,,1952,,,,,,,,,,,,,,,,,,,,,
José Dolhem,France,N,N,N,N,N,N,Surtees,,,,,,,,,,,,,1974,,,,,,,,,,,,,,,,,,,,,
José Froilán González,Argentina,Y,Y,Y,N,Y,Y,Ferrari,Maserati,Talbot-Lago,Vanwall,,,,,,,,,,1950,1951,1952,1953,1954,1955,1956,1957,1960,,,,,,,,,,,,,
Juan Fangio,Unknown,Y,Y,Y,N,Y,N,Alfa Romeo,Ferrari,Maserati,Mercedes,,,,,,,,,,1950,1951,1953,1954,1955,1956,1957,1958,,,,,,,,,,,,,,
Juan Jover,Spain,N,N,N,N,N,N,Maserati,,,,,,,,,,,,,1951,,,,,,,,,,,,,,,,,,,,,
Juan Manuel Bordeu,Argentina,N,N,N,N,N,N,Lotus-Climax,,,,,,,,,,,,,1961,,,,,,,,,,,,,,,,,,,,,
Juan Pablo Montoya,Colombia,Y,Y,Y,N,Y,Y,McLaren,Williams,,,,,,,,,,,,2001,2002,2003,2004,2005,2006,,,,,,,,,,,,,,,,
Jud Larson,United States Of America,N,N,N,N,N,N,Kurtis Kraft,Watson,,,,,,,,,,,,1958,1959,,,,,,,,,,,,,,,,,,,,
Jules Bianchi,France,Y,N,N,N,N,N,Marussia,,,,,,,,,,,,,2013,2014,,,,,,,,,,,,,,,,,,,,
Julian Bailey,United Kingdom,Y,N,N,N,N,N,Team Lotus,Tyrrell,,,,,,,,,,,,1988,1991,,,,,,,,,,,,,,,,,,,,
Justin Wilson,United Kingdom,Y,N,N,N,N,N,Jaguar,Minardi,,,,,,,,,,,,2003,,,,,,,,,,,,,,,,,,,,,
Jyrki Järvilehto,Unknown,Y,Y,N,N,N,N,Benetton,Dallara,Onyx,Sauber,,,,,,,,,,1989,1990,1991,1992,1993,1994,,,,,,,,,,,,,,,,
Jérôme d'Ambrosio,Belgium,N,N,N,N,N,N,Lotus F1,Virgin,,,,,,,,,,,,2011,2012,,,,,,,,,,,,,,,,,,,,
Kamui Kobayashi,Japan,Y,Y,N,N,N,Y,Caterham,Sauber,Toyota,,,,,,,,,,,2009,2010,2011,2012,2014,,,,,,,,,,,,,,,,,
Karl Kling,Germany,Y,Y,N,N,N,Y,Mercedes,,,,,,,,,,,,,1954,1955,,,,,,,,,,,,,,,,,,,,
Karl Wendlinger,Austria,Y,N,N,N,N,N,Leyton House,March,Sauber,,,,,,,,,,,1991,1992,1993,1994,1995,,,,,,,,,,,,,,,,,
Karun Chandhok,India,N,N,N,N,N,N,HRT,Lotus,,,,,,,,,,,,2010,2011,,,,,,,,,,,,,,,,,,,,
Kazuki Nakajima,Japan,Y,N,N,N,N,N,Williams,,,,,,,,,,,,,2007,2008,2009,,,,,,,,,,,,,,,,,,,
Kazuyoshi Hoshino,Japan,N,N,N,N,N,N,Kojima,Tyrrell,,,,,,,,,,,,1976,1977,,,,,,,,,,,,,,,,,,,,
Keith Andrews,United States Of America,N,N,N,N,N,N,Kurtis Kraft,Schroeder,,,,,,,,,,,,1955,1956,,,,,,,,,,,,,,,,,,,,
Keith Greene,United Kingdom,N,N,N,N,N,N,Cooper-Maserati,Gilby,Lotus-Climax,,,,,,,,,,,1960,1961,1962,,,,,,,,,,,,,,,,,,,
Keke Rosberg,Finland,Y,Y,Y,Y,Y,Y,ATS,Fittipaldi,McLaren,Theodore,Williams,Wolf,,,,,,,,1978,1979,1980,1981,1982,1983,1984,1985,1986,,,,,,,,,,,,,
Ken Downing,United Kingdom,N,N,N,N,N,N,Connaught,,,,,,,,,,,,,1952,,,,,,,,,,,,,,,,,,,,,
Ken Miles,Unknown,N,N,N,N,N,N,Lotus-Climax,,,,,,,,,,,,,1961,,,,,,,,,,,,,,,,,,,,,
Ken Richardson,United Kingdom,N,N,N,N,N,N,BRM,,,,,,,,,,,,,1951,,,,,,,,,,,,,,,,,,,,,
Ken Wharton,United Kingdom,Y,N,N,N,N,N,Cooper,Frazer Nash,Maserati,Vanwall,,,,,,,,,,1952,1953,1954,1955,,,,,,,,,,,,,,,,,,
Kenneth McAlpine,United Kingdom,N,N,N,N,N,N,Connaught,,,,,,,,,,,,,1952,1953,1955,,,,,,,,,,,,,,,,,,,
Kenny Acheson,United Kingdom,N,N,N,N,N,N,RAM,,,,,,,,,,,,,1983,1985,,,,,,,,,,,,,,,,,,,,
Kevin Magnussen,Denmark,Y,Y,N,N,N,Y,Haas F1 Team,McLaren,Renault,,,,,,,,,,,2014,2015,2016,2017,2018,2019,2020,2022,2023,2024,,,,,,,,,,,,
Kimi Räikkönen,Finland,Y,Y,Y,Y,Y,Y,Alfa Romeo,Ferrari,Lotus F1,McLaren,Sauber,,,,,,,,,2001,2002,2003,2004,2005,2006,2007,2008,2009,2012,2013,2014,2015,2016,2017,2018,2019,2020,2021,,,
Kunimitsu Takahashi,Japan,N,N,N,N,N,N,Tyrrell,,,,,,,,,,,,,1977,,,,,,,,,,,,,,,,,,,,,
Kurt Adolff,Germany,N,N,N,N,N,N,Ferrari,,,,,,,,,,,,,1953,,,,,,,,,,,,,,,,,,,,,
Kurt Ahrens,Unknown,N,N,N,N,N,N,Brabham-Repco,Protos,,,,,,,,,,,,1967,1968,,,,,,,,,,,,,,,,,,,,
Kurt Kuhnke,Germany,N,N,N,N,N,N,Lotus-Borgward,,,,,,,,,,,,,1962,,,,,,,,,,,,,,,,,,,,,
Lamberto Leoni,Italy,N,N,N,N,N,N,Ensign,,,,,,,,,,,,,1978,,,,,,,,,,,,,,,,,,,,,
Lance Macklin,United Kingdom,N,N,N,N,N,N,HWM,Maserati,,,,,,,,,,,,1952,1953,1954,1955,,,,,,,,,,,,,,,,,,
Lance Reventlow,United States Of America,N,N,N,N,N,N,Cooper-Climax,Scarab,,,,,,,,,,,,1960,,,,,,,,,,,,,,,,,,,,,
Lance Stroll,Canada,Y,Y,N,N,Y,N,Aston Martin,Racing Point,Williams,,,,,,,,,,,2017,2018,2019,2020,2021,2022,2023,2024,2025,,,,,,,,,,,,,
Lando Norris,United Kingdom,Y,Y,Y,Y,Y,Y,McLaren,,,,,,,,,,,,,2019,2020,2021,2022,2023,2024,2025,,,,,,,,,,,,,,,
Larry Crockett,United States Of America,N,N,N,N,N,N,Kurtis Kraft,,,,,,,,,,,,,1954,,,,,,,,,,,,,,,,,,,,,
Larry Perkins,Australia,N,N,N,N,N,N,BRM,Boro,Brabham-Alfa Romeo,Surtees,,,,,,,,,,1976,1977,,,,,,,,,,,,,,,,,,,,
Lee Wallard,United States Of America,Y,Y,Y,N,N,Y,Kurtis Kraft,Moore,,,,,,,,,,,,1950,1951,,,,,,,,,,,,,,,,,,,,
Lella Lombardi,Italy,Y,N,N,N,N,N,Brabham-Ford,March,Williams,,,,,,,,,,,1975,1976,,,,,,,,,,,,,,,,,,,,
Len Duncan,United States Of America,N,N,N,N,N,N,Schroeder,,,,,,,,,,,,,1954,,,,,,,,,,,,,,,,,,,,,
Len Sutton,United States Of America,N,N,N,N,N,N,Kurtis Kraft,Lesovsky,Watson,,,,,,,,,,,1958,1959,1960,,,,,,,,,,,,,,,,,,,
Leo Kinnunen,Finland,N,N,N,N,N,N,Surtees,,,,,,,,,,,,,1974,,,,,,,,,,,,,,,,,,,,,
Les Leston,United Kingdom,N,N,N,N,N,N,BRM,Connaught,,,,,,,,,,,,1956,1957,,,,,,,,,,,,,,,,,,,,
Leslie Johnson,United Kingdom,N,N,N,N,N,N,ERA,,,,,,,,,,,,,1950,,,,,,,,,,,,,,,,,,,,,
Leslie Marr,United Kingdom,N,N,N,N,N,N,Connaught,,,,,,,,,,,,,1954,1955,,,,,,,,,,,,,,,,,,,,
Leslie Thorne,United Kingdom,N,N,N,N,N,N,Connaught,,,,,,,,,,,,,1954,,,,,,,,,,,,,,,,,,,,,
Lewis Hamilton,United Kingdom,Y,Y,Y,Y,Y,Y,Ferrari,McLaren,Mercedes,,,,,,,,,,,2007,2008,2009,2010,2011,2012,2013,2014,2015,2016,2017,2018,2019,2020,2021,2022,2023,2024,2025,,,
Liam Lawson,New Zealand,Y,N,N,N,N,N,AlphaTauri,RB F1 Team,Red Bull,,,,,,,,,,,2023,2024,2025,,,,,,,,,,,,,,,,,,,
Lloyd Ruby,United States Of America,N,N,N,N,N,N,Lotus-Climax,Watson,,,,,,,,,,,,1960,1961,,,,,,,,,,,,,,,,,,,,
Logan Sargeant,United States Of America,Y,N,N,N,N,N,Williams,,,,,,,,,,,,,2023,2024,,,,,,,,,,,,,,,,,,,,
Lorenzo Bandini,Italy,Y,Y,Y,N,Y,Y,BRM,Cooper-Maserati,Ferrari,,,,,,,,,,,1961,1962,1963,1964,1965,1966,1967,,,,,,,,,,,,,,,
Loris Kessel,Switzerland,N,N,N,N,N,N,Brabham-Ford,,,,,,,,,,,,,1976,,,,,,,,,,,,,,,,,,,,,
Louis Chiron,Monaco,Y,Y,N,N,N,N,Lancia,Maserati,OSCA,Talbot-Lago,,,,,,,,,,1950,1951,1953,1955,1956,,,,,,,,,,,,,,,,,
Louis Rosier,France,Y,Y,N,N,N,N,Ferrari,Maserati,Talbot-Lago,,,,,,,,,,,1950,1951,1952,1953,1954,1955,1956,,,,,,,,,,,,,,,
Luca Badoer,Italy,N,N,N,N,N,N,Ferrari,Forti,Lola,Minardi,,,,,,,,,,1993,1995,1996,1999,2009,,,,,,,,,,,,,,,,,
Lucas di Grassi,Brazil,N,N,N,N,N,N,Virgin,,,,,,,,,,,,,2010,,,,,,,,,,,,,,,,,,,,,
Luciano Burti,Brazil,N,N,N,N,N,N,Jaguar,Prost,,,,,,,,,,,,2000,2001,,,,,,,,,,,,,,,,,,,,
Lucien Bianchi,Belgium,Y,Y,N,N,N,N,BRM,Cooper-BRM,Cooper-Climax,ENB,Lola,Lotus-Climax,,,,,,,,1960,1961,1962,1963,1965,1968,,,,,,,,,,,,,,,,
Ludovico Scarfiotti,Italy,Y,Y,Y,N,N,Y,Cooper-BRM,Eagle-Weslake,Ferrari,,,,,,,,,,,1963,1964,1965,1966,1967,1968,,,,,,,,,,,,,,,,
Luigi Fagioli,Italy,Y,Y,Y,N,N,N,Alfa Romeo,,,,,,,,,,,,,1950,1951,,,,,,,,,,,,,,,,,,,,
Luigi Musso,Italy,Y,Y,Y,N,N,Y,Ferrari,Maserati,,,,,,,,,,,,1953,1954,1955,1956,1957,1958,,,,,,,,,,,,,,,,
Luigi Piotti,Italy,N,N,N,N,N,N,Arzani-Volpini,Maserati,,,,,,,,,,,,1955,1956,1957,,,,,,,,,,,,,,,,,,,
Luigi Villoresi,Italy,Y,Y,N,N,Y,Y,Ferrari,Lancia,Maserati,,,,,,,,,,,1950,1951,1952,1953,1954,1955,1956,,,,,,,,,,,,,,,
Luis Pérez-Sala,Spain,Y,N,N,N,N,N,Minardi,,,,,,,,,,,,,1988,1989,,,,,,,,,,,,,,,,,,,,
Luiz Bueno,Brazil,N,N,N,N,N,N,Surtees,,,,,,,,,,,,,1973,,,,,,,,,,,,,,,,,,,,,
Luki Botha,South Africa,N,N,N,N,N,N,Brabham-Climax,,,,,,,,,,,,,1967,,,,,,,,,,,,,,,,,,,,,
Mack Hellings,United States Of America,N,N,N,N,N,N,Deidt,Kurtis Kraft,,,,,,,,,,,,1950,1951,,,,,,,,,,,,,,,,,,,,
Manfred Winkelhock,Germany,Y,N,N,N,N,N,ATS,Brabham,RAM,,,,,,,,,,,1982,1983,1984,1985,,,,,,,,,,,,,,,,,,
Manny Ayulo,United States Of America,Y,Y,N,N,N,N,Kurtis Kraft,Kuzma,Lesovsky,,,,,,,,,,,1951,1952,1953,1954,,,,,,,,,,,,,,,,,,
Marc Gené,Spain,Y,N,N,N,N,N,Minardi,Williams,,,,,,,,,,,,1999,2000,2003,2004,,,,,,,,,,,,,,,,,,
Marc Surer,Switzerland,Y,N,N,N,N,Y,ATS,Arrows,Brabham,Ensign,Theodore,,,,,,,,,1979,1980,1981,1982,1983,1984,1985,1986,,,,,,,,,,,,,,
Marcel Balsa,France,N,N,N,N,N,N,BMW,,,,,,,,,,,,,1952,,,,,,,,,,,,,,,,,,,,,
Marco Apicella,Italy,N,N,N,N,N,N,Jordan,,,,,,,,,,,,,1993,,,,,,,,,,,,,,,,,,,,,
Marcus Ericsson,Sweden,Y,N,N,N,N,N,Caterham,Sauber,,,,,,,,,,,,2014,2015,2016,2017,2018,,,,,,,,,,,,,,,,,
Maria de Filippis,Unknown,N,N,N,N,N,N,Maserati,,,,,,,,,,,,,1958,,,,,,,,,,,,,,,,,,,,,
Mario Andretti,United States Of America,Y,Y,Y,Y,Y,Y,Alfa Romeo,Ferrari,Lotus-Ford,March,Parnelli,Team Lotus,Williams,,,,,,,1968,1969,1970,1971,1972,1974,1975,1976,1977,1978,1979,1980,1981,1982,,,,,,,,
Mark Blundell,United Kingdom,Y,Y,N,N,N,N,Brabham,Ligier,McLaren,Tyrrell,,,,,,,,,,1991,1993,1994,1995,,,,,,,,,,,,,,,,,,
Mark Donohue,United States Of America,Y,Y,N,N,N,N,March,McLaren,Penske,,,,,,,,,,,1971,1974,1975,,,,,,,,,,,,,,,,,,,
Mark Webber,Australia,Y,Y,Y,N,Y,Y,Jaguar,Minardi,Red Bull,Williams,,,,,,,,,,2002,2003,2004,2005,2006,2007,2008,2009,2010,2011,2012,2013,,,,,,,,,,
Markus Winkelhock,Germany,N,N,N,N,N,N,Spyker,,,,,,,,,,,,,2007,,,,,,,,,,,,,,,,,,,,,
Marshall Teague,United States Of America,N,N,N,N,N,N,Kurtis Kraft,,,,,,,,,,,,,1953,1954,1957,,,,,,,,,,,,,,,,,,,
Martin Brundle,United Kingdom,Y,Y,N,N,N,N,Benetton,Brabham,Jordan,Ligier,McLaren,Tyrrell,Williams,Zakspeed,,,,,,1984,1985,1986,1987,1988,1989,1991,1992,1993,1994,1995,1996,,,,,,,,,,
Martin Donnelly,United Kingdom,N,N,N,N,N,N,Arrows,Team Lotus,,,,,,,,,,,,1989,1990,,,,,,,,,,,,,,,,,,,,
Masahiro Hasemi,Japan,N,N,N,N,N,N,Kojima,,,,,,,,,,,,,1976,,,,,,,,,,,,,,,,,,,,,
Massimiliano Papis,Unknown,N,N,N,N,N,N,Footwork,,,,,,,,,,,,,1995,,,,,,,,,,,,,,,,,,,,,
Massimo Natili,Italy,N,N,N,N,N,N,Cooper-Maserati,,,,,,,,,,,,,1961,,,,,,,,,,,,,,,,,,,,,
Masten Gregory,United States Of America,Y,Y,N,N,N,N,BRM,Behra-Porsche,Cooper-Climax,Cooper-Maserati,Lola,Lotus-BRM,Lotus-Climax,Maserati,,,,,,1957,1958,1959,1960,1961,1962,1963,1965,,,,,,,,,,,,,,
Mauri Rose,United States Of America,Y,Y,N,N,N,N,Deidt,,,,,,,,,,,,,1950,1951,,,,,,,,,,,,,,,,,,,,
Maurice Trintignant,France,Y,Y,Y,N,Y,Y,Aston Martin,BRM,Bugatti,Cooper,Cooper-Climax,Cooper-Maserati,Ferrari,Gordini,Lola,Lotus-Climax,Maserati,Simca,Vanwall,1950,1951,1952,1953,1954,1955,1956,1957,1958,1959,1960,1961,1962,1963,1964,,,,,,,
Mauro Baldi,Italy,Y,N,N,N,N,N,Alfa Romeo,Arrows,Spirit,,,,,,,,,,,1982,1983,1984,1985,,,,,,,,,,,,,,,,,,
Maurício Gugelmin,Brazil,Y,Y,N,N,N,Y,Jordan,Leyton House,March,,,,,,,,,,,1988,1989,1990,1991,1992,,,,,,,,,,,,,,,,,
Max Chilton,United Kingdom,N,N,N,N,N,N,Marussia,,,,,,,,,,,,,2013,2014,,,,,,,,,,,,,,,,,,,,
Max Jean,France,N,N,N,N,N,N,March-Ford,,,,,,,,,,,,,1971,,,,,,,,,,,,,,,,,,,,,
Max Verstappen,Netherlands,Y,Y,Y,Y,Y,Y,Red Bull,Toro Rosso,,,,,,,,,,,,2015,2016,2017,2018,2019,2020,2021,2022,2023,2024,2025,,,,,,,,,,,
Max de Terra,Switzerland,N,N,N,N,N,N,Ferrari,Simca,,,,,,,,,,,,1952,1953,,,,,,,,,,,,,,,,,,,,
Menato Boffa,Unknown,N,N,N,N,N,N,Cooper-Climax,,,,,,,,,,,,,1961,,,,,,,,,,,,,,,,,,,,,
Michael Andretti,United States Of America,Y,Y,N,N,N,N,McLaren,,,,,,,,,,,,,1993,,,,,,,,,,,,,,,,,,,,,
Michael Bleekemolen,Netherlands,N,N,N,N,N,N,ATS,,,,,,,,,,,,,1978,,,,,,,,,,,,,,,,,,,,,
Michael May,Switzerland,N,N,N,N,N,N,Lotus-Climax,,,,,,,,,,,,,1961,,,,,,,,,,,,,,,,,,,,,
Michael Schumacher,Germany,Y,Y,Y,Y,Y,Y,Benetton,Ferrari,Jordan,Mercedes,,,,,,,,,,1991,1992,1993,1994,1995,1996,1997,1998,1999,2000,2001,2002,2003,2004,2005,2006,2010,2011,2012,,,
Michel Leclère,France,N,N,N,N,N,N,Tyrrell,Wolf,,,,,,,,,,,,1975,1976,,,,,,,,,,,,,,,,,,,,
Michele Alboreto,Italy,Y,Y,Y,N,Y,Y,Arrows,Ferrari,Footwork,Larrousse,Lola,Minardi,Tyrrell,,,,,,,1981,1982,1983,1984,1985,1986,1987,1988,1989,1990,1991,1992,1993,1994,,,,,,,,
Mick Schumacher,Germany,Y,N,N,N,N,N,Haas F1 Team,,,,,,,,,,,,,2021,2022,,,,,,,,,,,,,,,,,,,,
Miguel Ángel Guerra,Argentina,N,N,N,N,N,N,Osella,,,,,,,,,,,,,1981,,,,,,,,,,,,,,,,,,,,,
Mika Häkkinen,Finland,Y,Y,Y,Y,Y,Y,McLaren,Team Lotus,,,,,,,,,,,,1991,1992,1993,1994,1995,1996,1997,1998,1999,2000,2001,,,,,,,,,,,
Mika Salo,Finland,Y,Y,N,N,N,N,Arrows,BAR,Ferrari,Sauber,Team Lotus,Toyota,Tyrrell,,,,,,,1994,1995,1996,1997,1998,1999,2000,2002,,,,,,,,,,,,,,
Mike Beuttler,United Kingdom,N,N,N,N,N,N,March,March-Ford,,,,,,,,,,,,1971,1972,1973,,,,,,,,,,,,,,,,,,,
Mike Fisher,United States Of America,N,N,N,N,N,N,Lotus-BRM,,,,,,,,,,,,,1967,,,,,,,,,,,,,,,,,,,,,
Mike Hailwood,United Kingdom,Y,Y,N,N,N,Y,Lola,Lotus-BRM,Lotus-Climax,McLaren,Surtees,,,,,,,,,1963,1964,1965,1971,1972,1973,1974,,,,,,,,,,,,,,,
Mike Harris,South Africa,N,N,N,N,N,N,Cooper-Alfa Romeo,,,,,,,,,,,,,1962,,,,,,,,,,,,,,,,,,,,,
Mike Hawthorn,United Kingdom,Y,Y,Y,Y,Y,Y,BRM,Cooper,Ferrari,Maserati,Vanwall,,,,,,,,,1952,1953,1954,1955,1956,1957,1958,,,,,,,,,,,,,,,
Mike MacDowel,United Kingdom,N,N,N,N,N,N,Cooper,,,,,,,,,,,,,1957,,,,,,,,,,,,,,,,,,,,,
Mike Magill,United States Of America,N,N,N,N,N,N,Kurtis Kraft,Sutton,,,,,,,,,,,,1957,1958,1959,,,,,,,,,,,,,,,,,,,
Mike Nazaruk,United States Of America,Y,Y,N,N,N,N,Kurtis Kraft,Turner,,,,,,,,,,,,1951,1953,1954,,,,,,,,,,,,,,,,,,,
Mike Parkes,United Kingdom,Y,Y,N,N,Y,N,Ferrari,,,,,,,,,,,,,1966,1967,,,,,,,,,,,,,,,,,,,,
Mike Sparken,France,N,N,N,N,N,N,Gordini,,,,,,,,,,,,,1955,,,,,,,,,,,,,,,,,,,,,
Mike Spence,United Kingdom,Y,Y,N,N,Y,N,BRM,Lotus-BRM,Lotus-Climax,,,,,,,,,,,1963,1964,1965,1966,1967,1968,,,,,,,,,,,,,,,,
Mike Taylor,United Kingdom,N,N,N,N,N,N,Cooper-Climax,Team Lotus,,,,,,,,,,,,1959,1960,,,,,,,,,,,,,,,,,,,,
Mike Thackwell,New Zealand,N,N,N,N,N,N,RAM,Tyrrell,,,,,,,,,,,,1980,1984,,,,,,,,,,,,,,,,,,,,
Mike Wilds,United Kingdom,N,N,N,N,N,N,BRM,Ensign,,,,,,,,,,,,1974,1975,,,,,,,,,,,,,,,,,,,,
Moisés Solana,Mexico,N,N,N,N,N,N,BRM,Cooper-Maserati,Lotus-BRM,Lotus-Climax,Lotus-Ford,,,,,,,,,1963,1964,1965,1966,1967,1968,,,,,,,,,,,,,,,,
Myron Fohr,United States Of America,N,N,N,N,N,N,Marchese,,,,,,,,,,,,,1950,,,,,,,,,,,,,,,,,,,,,
Mário de Araújo Cabral,Portugal,N,N,N,N,N,N,Cooper-Climax,Cooper-Maserati,Derrington,,,,,,,,,,,1959,1960,1963,1964,,,,,,,,,,,,,,,,,,
Nanni Galli,Italy,N,N,N,N,N,N,Ferrari,Iso Marlboro,March-Alfa Romeo,March-Ford,Tecno,,,,,,,,,1971,1972,1973,,,,,,,,,,,,,,,,,,,
Narain Karthikeyan,India,Y,N,N,N,N,N,HRT,Jordan,,,,,,,,,,,,2005,2011,2012,,,,,,,,,,,,,,,,,,,
Nasif Estéfano,Argentina,N,N,N,N,N,N,De Tomaso,Maserati,,,,,,,,,,,,1960,1963,,,,,,,,,,,,,,,,,,,,
Nello Pagani,Italy,N,N,N,N,N,N,Maserati,,,,,,,,,,,,,1950,,,,,,,,,,,,,,,,,,,,,
Nelson Piquet,Brazil,Y,Y,Y,Y,Y,Y,Benetton,Brabham,Brabham-Alfa Romeo,Brabham-Ford,Ensign,McLaren,Team Lotus,Williams,,,,,,1978,1979,1980,1981,1982,1983,1984,1985,1986,1987,1988,1989,1990,1991,,,,,,,,
Nelson Piquet Jr.,Brazil,Y,Y,N,N,N,N,Renault,,,,,,,,,,,,,2008,2009,,,,,,,,,,,,,,,,,,,,
Neville Lederle,South Africa,Y,N,N,N,N,N,Lotus-Climax,,,,,,,,,,,,,1962,1963,,,,,,,,,,,,,,,,,,,,
Nicholas Latifi,Canada,Y,N,N,N,N,N,Williams,,,,,,,,,,,,,2020,2021,2022,,,,,,,,,,,,,,,,,,,
Nick Heidfeld,Germany,Y,Y,N,N,Y,Y,BMW Sauber,Jordan,Prost,Renault,Sauber,Williams,,,,,,,,2000,2001,2002,2003,2004,2005,2006,2007,2008,2009,2010,2011,,,,,,,,,,
Nico Hülkenberg,Germany,Y,Y,N,N,Y,Y,Aston Martin,Force India,Haas F1 Team,Racing Point,Renault,Sauber,Williams,,,,,,,2010,2012,2013,2014,2015,2016,2017,2018,2019,2020,2022,2023,2024,2025,,,,,,,,
Nico Rosberg,Germany,Y,Y,Y,Y,Y,Y,Mercedes,Williams,,,,,,,,,,,,2006,2007,2008,2009,2010,2011,2012,2013,2014,2015,2016,,,,,,,,,,,
Nicola Larini,Italy,Y,Y,N,N,N,N,Coloni,Ferrari,Lambo,Ligier,Osella,Sauber,,,,,,,,1987,1988,1989,1990,1991,1992,1994,1997,,,,,,,,,,,,,,
Nicolas Kiesa,Denmark,N,N,N,N,N,N,Minardi,,,,,,,,,,,,,2003,,,,,,,,,,,,,,,,,,,,,
Nigel Mansell,United Kingdom,Y,Y,Y,Y,Y,Y,Ferrari,McLaren,Team Lotus,Williams,,,,,,,,,,1980,1981,1982,1983,1984,1985,1986,1987,1988,1989,1990,1991,1992,1994,1995,,,,,,,
Niki Lauda,Austria,Y,Y,Y,Y,Y,Y,BRM,Brabham,Brabham-Alfa Romeo,Brabham-Ford,Ferrari,March,March-Ford,McLaren,,,,,,1971,1972,1973,1974,1975,1976,1977,1978,1979,1982,1983,1984,1985,,,,,,,,,
Nikita Mazepin,Russia,N,N,N,N,N,N,Haas F1 Team,,,,,,,,,,,,,2021,,,,,,,,,,,,,,,,,,,,,
Nino Farina,Italy,Y,Y,Y,Y,Y,Y,Alfa Romeo,Ferrari,,,,,,,,,,,,1950,1951,1952,1953,1954,1955,,,,,,,,,,,,,,,,
Nino Vaccarella,Italy,N,N,N,N,N,N,De Tomaso-Alfa Romeo,Ferrari,Lotus-Climax,Porsche,,,,,,,,,,1961,1962,1965,,,,,,,,,,,,,,,,,,,
Norberto Fontana,Argentina,N,N,N,N,N,N,Sauber,,,,,,,,,,,,,1997,,,,,,,,,,,,,,,,,,,,,
Noritake Takahara,Japan,N,N,N,N,N,N,Kojima,Surtees,,,,,,,,,,,,1976,1977,,,,,,,,,,,,,,,,,,,,
Nyck de Vries,Netherlands,Y,N,N,N,N,N,AlphaTauri,Williams,,,,,,,,,,,,2022,2023,,,,,,,,,,,,,,,,,,,,
Oliver Bearman,United Kingdom,Y,N,N,N,N,N,Ferrari,Haas F1 Team,,,,,,,,,,,,2024,2025,,,,,,,,,,,,,,,,,,,,
Olivier Beretta,Monaco,N,N,N,N,N,N,Larrousse,,,,,,,,,,,,,1994,,,,,,,,,,,,,,,,,,,,,
Olivier Gendebien,Belgium,Y,Y,N,N,N,N,Cooper-Climax,Emeryson,Ferrari,Lotus-Climax,,,,,,,,,,1956,1958,1959,1960,1961,,,,,,,,,,,,,,,,,
Olivier Grouillard,France,Y,N,N,N,N,N,Fondmetal,Ligier,Osella,Tyrrell,,,,,,,,,,1989,1990,1991,1992,,,,,,,,,,,,,,,,,,
Olivier Panis,France,Y,Y,Y,N,N,N,BAR,Ligier,Prost,Toyota,,,,,,,,,,1994,1995,1996,1997,1998,1999,2001,2002,2003,2004,,,,,,,,,,,,
Onofre Marimón,Argentina,Y,Y,N,N,N,Y,Maserati,,,,,,,,,,,,,1951,1953,1954,,,,,,,,,,,,,,,,,,,
Oscar Gálvez,Unknown,Y,N,N,N,N,N,Maserati,,,,,,,,,,,,,1953,,,,,,,,,,,,,,,,,,,,,
Oscar Larrauri,Argentina,N,N,N,N,N,N,Euro Brun,,,,,,,,,,,,,1988,,,,,,,,,,,,,,,,,,,,,
Oscar Piastri,Australia,Y,Y,Y,N,Y,Y,McLaren,,,,,,,,,,,,,2023,2024,2025,,,,,,,,,,,,,,,,,,,
Oswald Karch,Germany,N,N,N,N,N,N,Veritas,,,,,,,,,,,,,1953,,,,,,,,,,,,,,,,,,,,,
Otto Stuppacher,Austria,N,N,N,N,N,N,Tyrrell,,,,,,,,,,,,,1976,,,,,,,,,,,,,,,,,,,,,
Ottorino Volonterio,Switzerland,N,N,N,N,N,N,Maserati,,,,,,,,,,,,,1954,1956,1957,,,,,,,,,,,,,,,,,,,
Pablo Birger,Argentina,N,N,N,N,N,N,Gordini,Simca,,,,,,,,,,,,1953,1955,,,,,,,,,,,,,,,,,,,,
Paco Godia,Spain,Y,N,N,N,N,N,Maserati,,,,,,,,,,,,,1951,1954,1956,1957,1958,,,,,,,,,,,,,,,,,
Paddy Driver,South Africa,N,N,N,N,N,N,Lotus-BRM,Team Lotus,,,,,,,,,,,,1963,1974,,,,,,,,,,,,,,,,,,,,
Paolo Barilla,Italy,N,N,N,N,N,N,Minardi,,,,,,,,,,,,,1989,1990,,,,,,,,,,,,,,,,,,,,
Pascal Fabre,France,N,N,N,N,N,N,AGS,,,,,,,,,,,,,1987,,,,,,,,,,,,,,,,,,,,,
Pascal Wehrlein,Germany,Y,N,N,N,N,N,Manor Marussia,Sauber,,,,,,,,,,,,2016,2017,,,,,,,,,,,,,,,,,,,,
Pastor Maldonado,Venezuela,Y,Y,Y,N,Y,N,Lotus F1,Williams,,,,,,,,,,,,2011,2012,2013,2014,2015,,,,,,,,,,,,,,,,,
Pat Flaherty,United States Of America,Y,Y,Y,N,Y,N,Kurtis Kraft,Kuzma,Watson,,,,,,,,,,,1950,1953,1954,1955,1956,1959,,,,,,,,,,,,,,,,
Pat O'Connor,United States Of America,N,N,N,N,Y,N,Kurtis Kraft,,,,,,,,,,,,,1954,1955,1956,1957,1958,,,,,,,,,,,,,,,,,
Patrick Depailler,France,Y,Y,Y,N,Y,Y,Alfa Romeo,Ligier,Tyrrell,,,,,,,,,,,1972,1974,1975,1976,1977,1978,1979,1980,,,,,,,,,,,,,,
Patrick Friesacher,Austria,Y,N,N,N,N,N,Minardi,,,,,,,,,,,,,2005,,,,,,,,,,,,,,,,,,,,,
Patrick Gaillard,France,N,N,N,N,N,N,Ensign,,,,,,,,,,,,,1979,,,,,,,,,,,,,,,,,,,,,
Patrick Nève,Belgium,N,N,N,N,N,N,Brabham-Ford,Ensign,March,,,,,,,,,,,1976,1977,,,,,,,,,,,,,,,,,,,,
Patrick Tambay,France,Y,Y,Y,N,Y,Y,Ensign,Ferrari,Ligier,Lola,McLaren,Renault,Theodore,,,,,,,1977,1978,1979,1981,1982,1983,1984,1985,1986,,,,,,,,,,,,,
Paul Belmondo,France,N,N,N,N,N,N,March,Pacific,,,,,,,,,,,,1992,1994,,,,,,,,,,,,,,,,,,,,
Paul Emery,United Kingdom,N,N,N,N,N,N,Emeryson,,,,,,,,,,,,,1956,,,,,,,,,,,,,,,,,,,,,
Paul England,Australia,N,N,N,N,N,N,Cooper,,,,,,,,,,,,,1957,,,,,,,,,,,,,,,,,,,,,
Paul Frère,Belgium,Y,Y,N,N,N,N,Ferrari,Gordini,HWM,Simca,,,,,,,,,,1952,1953,1954,1955,1956,,,,,,,,,,,,,,,,,
Paul Goldsmith,United States Of America,Y,Y,N,N,N,N,Epperly,Kurtis Kraft,,,,,,,,,,,,1958,1959,1960,,,,,,,,,,,,,,,,,,,
Paul Hawkins,Australia,N,N,N,N,N,N,Brabham-Ford,Lotus-Climax,,,,,,,,,,,,1965,,,,,,,,,,,,,,,,,,,,,
Paul Pietsch,Germany,N,N,N,N,N,N,Alfa Romeo,Maserati,Veritas,,,,,,,,,,,1950,1951,1952,,,,,,,,,,,,,,,,,,,
Paul Russo,United States Of America,Y,Y,N,N,N,Y,Kurtis Kraft,Nichels,,,,,,,,,,,,1950,1953,1954,1955,1956,1957,1958,1959,,,,,,,,,,,,,,
Paul di Resta,United Kingdom,Y,N,N,N,N,N,Force India,Williams,,,,,,,,,,,,2011,2012,2013,2017,,,,,,,,,,,,,,,,,,
Pedro Diniz,Brazil,Y,N,N,N,N,N,Arrows,Forti,Ligier,Sauber,,,,,,,,,,1995,1996,1997,1998,1999,2000,,,,,,,,,,,,,,,,
Pedro Lamy,Portugal,Y,N,N,N,N,N,Minardi,Team Lotus,,,,,,,,,,,,1993,1994,1995,1996,,,,,,,,,,,,,,,,,,
Pedro Rodríguez,Mexico,Y,Y,Y,N,N,Y,BRM,Cooper-Maserati,Ferrari,Lotus-BRM,Lotus-Climax,,,,,,,,,1963,1964,1965,1966,1967,1968,1969,1970,1971,,,,,,,,,,,,,
Pedro de la Rosa,Spain,Y,Y,N,N,N,Y,Arrows,HRT,Jaguar,McLaren,Sauber,,,,,,,,,1999,2000,2001,2002,2005,2006,2010,2011,2012,,,,,,,,,,,,,
Perry McCarthy,United Kingdom,N,N,N,N,N,N,Andrea Moda,,,,,,,,,,,,,1992,,,,,,,,,,,,,,,,,,,,,
Pete Lovely,United States Of America,N,N,N,N,N,N,Cooper-Castellotti,Lotus-Ford,Team Lotus,,,,,,,,,,,1960,1969,1970,1971,,,,,,,,,,,,,,,,,,
Peter Arundell,United Kingdom,Y,Y,N,N,N,N,Lotus-BRM,Lotus-Climax,Team Lotus,,,,,,,,,,,1962,1963,1964,1966,,,,,,,,,,,,,,,,,,
Peter Ashdown,United Kingdom,N,N,N,N,N,N,Cooper-Climax,,,,,,,,,,,,,1959,,,,,,,,,,,,,,,,,,,,,
Peter Broeker,Canada,N,N,N,N,N,N,Stebro,,,,,,,,,,,,,1963,,,,,,,,,,,,,,,,,,,,,
Peter Collins,United Kingdom,Y,Y,Y,N,N,N,Ferrari,HWM,Maserati,Vanwall,,,,,,,,,,1952,1953,1954,1955,1956,1957,1958,,,,,,,,,,,,,,,
Peter Gethin,United Kingdom,Y,Y,Y,N,N,N,BRM,Lola,McLaren,McLaren-Ford,,,,,,,,,,1970,1971,1972,1973,1974,,,,,,,,,,,,,,,,,
Peter Hirt,Switzerland,N,N,N,N,N,N,Ferrari,Veritas,,,,,,,,,,,,1951,1952,1953,,,,,,,,,,,,,,,,,,,
Peter Monteverdi,Unknown,N,N,N,N,N,N,MBM,,,,,,,,,,,,,1961,,,,,,,,,,,,,,,,,,,,,
Peter Revson,United States Of America,Y,Y,Y,N,Y,N,Lotus-BRM,Lotus-Climax,McLaren,Shadow,Tyrrell,,,,,,,,,1964,1971,1972,1973,1974,,,,,,,,,,,,,,,,,
Peter Ryan,Canada,N,N,N,N,N,N,Lotus-Climax,,,,,,,,,,,,,1961,,,,,,,,,,,,,,,,,,,,,
Peter Walker,United Kingdom,N,N,N,N,N,N,BRM,Connaught,ERA,Maserati,,,,,,,,,,1950,1951,1955,,,,,,,,,,,,,,,,,,,
Peter Whitehead,United Kingdom,Y,Y,N,N,N,N,Alta,Cooper,Ferrari,,,,,,,,,,,1950,1951,1952,1953,1954,,,,,,,,,,,,,,,,,
Peter de Klerk,South Africa,N,N,N,N,N,N,Alfa Romeo,Brabham,Brabham-Repco,,,,,,,,,,,1963,1965,1969,1970,,,,,,,,,,,,,,,,,,
Phil Cade,United States Of America,N,N,N,N,N,N,Maserati,,,,,,,,,,,,,1959,,,,,,,,,,,,,,,,,,,,,
Phil Hill,United States Of America,Y,Y,Y,Y,Y,Y,ATS,Cooper-Climax,Ferrari,Lotus-BRM,Maserati,,,,,,,,,1958,1959,1960,1961,1962,1963,1964,,,,,,,,,,,,,,,
Philip Fotheringham-Parker,United Kingdom,N,N,N,N,N,N,Maserati,,,,,,,,,,,,,1951,,,,,,,,,,,,,,,,,,,,,
Philippe Adams,Belgium,N,N,N,N,N,N,Team Lotus,,,,,,,,,,,,,1994,,,,,,,,,,,,,,,,,,,,,
Philippe Alliot,France,Y,N,N,N,N,N,Larrousse,Ligier,McLaren,RAM,,,,,,,,,,1984,1985,1986,1987,1988,1989,1990,1993,1994,,,,,,,,,,,,,
Philippe Streiff,France,Y,Y,N,N,N,N,AGS,Ligier,Renault,Tyrrell,,,,,,,,,,1984,1985,1986,1987,1988,,,,,,,,,,,,,,,,,
Philippe Étancelin,France,Y,N,N,N,N,N,Maserati,Talbot-Lago,,,,,,,,,,,,1950,1951,1952,,,,,,,,,,,,,,,,,,,
Piercarlo Ghinzani,Italy,Y,N,N,N,N,N,Ligier,Osella,Toleman,Zakspeed,,,,,,,,,,1981,1983,1984,1985,1986,1987,1988,1989,,,,,,,,,,,,,,
Pierluigi Martini,Italy,Y,N,N,N,N,N,Dallara,Minardi,,,,,,,,,,,,1985,1988,1989,1990,1991,1992,1993,1994,1995,,,,,,,,,,,,,
Piero Carini,Italy,N,N,N,N,N,N,Ferrari,,,,,,,,,,,,,1952,1953,,,,,,,,,,,,,,,,,,,,
Piero Drogo,Italy,N,N,N,N,N,N,Cooper-Climax,,,,,,,,,,,,,1960,,,,,,,,,,,,,,,,,,,,,
Piero Scotti,Italy,N,N,N,N,N,N,Connaught,,,,,,,,,,,,,1956,,,,,,,,,,,,,,,,,,,,,
Piero Taruffi,Italy,Y,Y,Y,N,N,Y,Alfa Romeo,Ferrari,Mercedes,Vanwall,,,,,,,,,,1950,1951,1952,1954,1955,1956,,,,,,,,,,,,,,,,
Pierre Gasly,France,Y,Y,Y,N,N,Y,AlphaTauri,Alpine F1 Team,Red Bull,Toro Rosso,,,,,,,,,,2017,2018,2019,2020,2021,2022,2023,2024,2025,,,,,,,,,,,,,
Pierre Levegh,France,N,N,N,N,N,N,Talbot-Lago,,,,,,,,,,,,,1950,1951,,,,,,,,,,,,,,,,,,,,
Pierre-Henri Raphanel,France,N,N,N,N,N,N,Coloni,,,,,,,,,,,,,1989,,,,,,,,,,,,,,,,,,,,,
Piers Courage,United Kingdom,Y,Y,N,N,N,N,BRM,Brabham-Ford,De Tomaso,Lotus-BRM,,,,,,,,,,1967,1968,1969,1970,,,,,,,,,,,,,,,,,,
Pietro Fittipaldi,Brazil,N,N,N,N,N,N,Haas F1 Team,,,,,,,,,,,,,2020,,,,,,,,,,,,,,,,,,,,,
Prince Bira,Unknown,Y,N,N,N,N,N,Connaught,Gordini,Maserati,Simca,,,,,,,,,,1950,1951,1952,1953,1954,,,,,,,,,,,,,,,,,
Ralf Schumacher,Germany,Y,Y,Y,N,Y,Y,Jordan,Toyota,Williams,,,,,,,,,,,1997,1998,1999,2000,2001,2002,2003,2004,2005,2006,2007,,,,,,,,,,,
Ralph Firman,Ireland,Y,N,N,N,N,N,Jordan,,,,,,,,,,,,,2003,,,,,,,,,,,,,,,,,,,,,
Raul Boesel,Brazil,N,N,N,N,N,N,Ligier,March,,,,,,,,,,,,1982,1983,,,,,,,,,,,,,,,,,,,,
Ray Crawford,United States Of America,N,N,N,N,N,N,Elder,Kurtis Kraft,,,,,,,,,,,,1955,1956,1959,,,,,,,,,,,,,,,,,,,
Ray Reed,Unknown,N,N,N,N,N,N,RE,,,,,,,,,,,,,1965,,,,,,,,,,,,,,,,,,,,,
Raymond Sommer,France,Y,N,N,N,N,N,Ferrari,Talbot-Lago,,,,,,,,,,,,1950,,,,,,,,,,,,,,,,,,,,,
Red Amick,United States Of America,N,N,N,N,N,N,Epperly,Kurtis Kraft,,,,,,,,,,,,1959,1960,,,,,,,,,,,,,,,,,,,,
Reg Parnell,United Kingdom,Y,Y,N,N,N,N,Alfa Romeo,BRM,Cooper,Ferrari,Maserati,,,,,,,,,1950,1951,1952,1954,,,,,,,,,,,,,,,,,,
Reine Wisell,Sweden,Y,Y,N,N,N,N,BRM,Lotus-Ford,Lotus-Pratt &amp; Whitney,March,Team Lotus,,,,,,,,,1970,1971,1972,1973,1974,,,,,,,,,,,,,,,,,
Renato Pirocchi,Italy,N,N,N,N,N,N,Cooper-Climax,Cooper-Maserati,,,,,,,,,,,,1961,,,,,,,,,,,,,,,,,,,,,
Renzo Zorzi,Italy,Y,N,N,N,N,N,Shadow,Williams,,,,,,,,,,,,1975,1976,1977,,,,,,,,,,,,,,,,,,,
René Arnoux,France,Y,Y,Y,N,Y,Y,Ferrari,Ligier,Martini,Renault,Surtees,,,,,,,,,1978,1979,1980,1981,1982,1983,1984,1985,1986,1987,1988,1989,,,,,,,,,,
Ricardo Londoño,Colombia,N,N,N,N,N,N,Ensign,,,,,,,,,,,,,1981,,,,,,,,,,,,,,,,,,,,,
Ricardo Rodríguez,Mexico,Y,N,N,N,N,N,Ferrari,,,,,,,,,,,,,1961,1962,,,,,,,,,,,,,,,,,,,,
Ricardo Rosset,Brazil,N,N,N,N,N,N,Footwork,Tyrrell,,,,,,,,,,,,1996,1998,,,,,,,,,,,,,,,,,,,,
Ricardo Zonta,Brazil,Y,N,N,N,N,N,BAR,Jordan,Toyota,,,,,,,,,,,1999,2000,2001,2004,2005,,,,,,,,,,,,,,,,,
Ricardo Zunino,Argentina,N,N,N,N,N,N,Brabham,Brabham-Ford,Tyrrell,,,,,,,,,,,1979,1980,1981,,,,,,,,,,,,,,,,,,,
Riccardo Paletti,Italy,N,N,N,N,N,N,Osella,,,,,,,,,,,,,1982,,,,,,,,,,,,,,,,,,,,,
Riccardo Patrese,Italy,Y,Y,Y,N,Y,Y,Alfa Romeo,Arrows,Benetton,Brabham,Shadow,Williams,,,,,,,,1977,1978,1979,1980,1981,1982,1983,1984,1985,1986,1987,1988,1989,1990,1991,1992,1993,,,,,
Richard Attwood,United Kingdom,Y,Y,N,N,N,Y,BRM,Cooper-Maserati,Lotus-BRM,Lotus-Ford,,,,,,,,,,1964,1965,1967,1968,1969,,,,,,,,,,,,,,,,,
Richard Robarts,United Kingdom,N,N,N,N,N,N,Brabham,,,,,,,,,,,,,1974,,,,,,,,,,,,,,,,,,,,,
Richie Ginther,United States Of America,Y,Y,Y,N,N,Y,BRM,Cooper-Maserati,Ferrari,Honda,Scarab,,,,,,,,,1960,1961,1962,1963,1964,1965,1966,,,,,,,,,,,,,,,
Rikky von Opel,Liechtenstein,N,N,N,N,N,N,Brabham,Ensign,,,,,,,,,,,,1973,1974,,,,,,,,,,,,,,,,,,,,
Rio Haryanto,Indonesia,N,N,N,N,N,N,Manor Marussia,,,,,,,,,,,,,2016,,,,,,,,,,,,,,,,,,,,,
Rob Schroeder,United States Of America,N,N,N,N,N,N,Lotus-Climax,,,,,,,,,,,,,1962,,,,,,,,,,,,,,,,,,,,,
Rob Slotemaker,Unknown,N,N,N,N,N,N,Porsche,,,,,,,,,,,,,1962,,,,,,,,,,,,,,,,,,,,,
Robert Doornbos,Netherlands,N,N,N,N,N,N,Minardi,Red Bull,,,,,,,,,,,,2005,2006,,,,,,,,,,,,,,,,,,,,
Robert Kubica,Poland,Y,Y,Y,N,Y,Y,Alfa Romeo,BMW Sauber,Renault,Williams,,,,,,,,,,2006,2007,2008,2009,2010,2019,2021,,,,,,,,,,,,,,,
Robert La Caze,Morocco,N,N,N,N,N,N,Cooper,,,,,,,,,,,,,1958,,,,,,,,,,,,,,,,,,,,,
Robert Manzon,France,Y,Y,N,N,N,N,Ferrari,Gordini,Simca,,,,,,,,,,,1950,1951,1952,1953,1954,1955,1956,,,,,,,,,,,,,,,
Robert O'Brien,United States Of America,N,N,N,N,N,N,Simca,,,,,,,,,,,,,1952,,,,,,,,,,,,,,,,,,,,,
Roberto Bonomi,Argentina,N,N,N,N,N,N,Cooper-Maserati,,,,,,,,,,,,,1960,,,,,,,,,,,,,,,,,,,,,
Roberto Bussinello,Italy,N,N,N,N,N,N,BRM,De Tomaso-Alfa Romeo,,,,,,,,,,,,1961,1962,1965,,,,,,,,,,,,,,,,,,,
Roberto Guerrero,Colombia,N,N,N,N,N,N,Ensign,Theodore,,,,,,,,,,,,1982,1983,,,,,,,,,,,,,,,,,,,,
Roberto Lippi,Italy,N,N,N,N,N,N,De Tomaso-Osca,,,,,,,,,,,,,1961,,,,,,,,,,,,,,,,,,,,,
Roberto Merhi,Spain,N,N,N,N,N,N,Manor Marussia,,,,,,,,,,,,,2015,,,,,,,,,,,,,,,,,,,,,
Roberto Mieres,Argentina,Y,N,N,N,N,Y,Gordini,Maserati,,,,,,,,,,,,1953,1954,1955,,,,,,,,,,,,,,,,,,,
Roberto Moreno,Brazil,Y,Y,N,N,N,Y,AGS,Andrea Moda,Benetton,Coloni,Euro Brun,Forti,Jordan,Minardi,,,,,,1987,1989,1990,1991,1992,1995,,,,,,,,,,,,,,,,
Robin Montgomerie-Charrington,United Kingdom,N,N,N,N,N,N,Aston Butterworth,,,,,,,,,,,,,1952,,,,,,,,,,,,,,,,,,,,,
Robin Widdows,United Kingdom,N,N,N,N,N,N,Cooper-BRM,,,,,,,,,,,,,1968,,,,,,,,,,,,,,,,,,,,,
Rodger Ward,United States Of America,Y,Y,Y,N,N,N,Bromme,Kurtis Kraft,Kuzma,Lesovsky,Lotus-BRM,Pawl,Watson,,,,,,,1951,1952,1953,1954,1955,1956,1957,1958,1959,1960,1963,,,,,,,,,,,
Rodney Nuckey,United Kingdom,N,N,N,N,N,N,Cooper,,,,,,,,,,,,,1953,1954,,,,,,,,,,,,,,,,,,,,
Roelof Wunderink,Netherlands,N,N,N,N,N,N,Ensign,,,,,,,,,,,,,1975,,,,,,,,,,,,,,,,,,,,,
Roger Laurent,Belgium,N,N,N,N,N,N,Ferrari,HWM,,,,,,,,,,,,1952,,,,,,,,,,,,,,,,,,,,,
Roger Loyer,France,N,N,N,N,N,N,Gordini,,,,,,,,,,,,,1954,,,,,,,,,,,,,,,,,,,,,
Roger Penske,United States Of America,N,N,N,N,N,N,Cooper-Climax,Lotus-Climax,,,,,,,,,,,,1961,1962,,,,,,,,,,,,,,,,,,,,
Roger Williamson,United Kingdom,N,N,N,N,N,N,March,,,,,,,,,,,,,1973,,,,,,,,,,,,,,,,,,,,,
Roland Ratzenberger,Austria,N,N,N,N,N,N,Simtek,,,,,,,,,,,,,1994,,,,,,,,,,,,,,,,,,,,,
Rolf Stommelen,Germany,Y,Y,N,N,N,N,Arrows,Brabham,Brabham-Alfa Romeo,Embassy Hill,Hesketh,Lola,March,Surtees,,,,,,1970,1971,1972,1973,1974,1975,1976,1978,,,,,,,,,,,,,,
Romain Grosjean,France,Y,Y,N,N,N,Y,Haas F1 Team,Lotus F1,Renault,,,,,,,,,,,2009,2012,2013,2014,2015,2016,2017,2018,2019,2020,,,,,,,,,,,,
Ron Flockhart,United Kingdom,Y,Y,N,N,N,N,BRM,Connaught,Cooper-Climax,Maserati,Team Lotus,,,,,,,,,1954,1956,1957,1958,1959,1960,,,,,,,,,,,,,,,,
Ronnie Bucknum,United States Of America,Y,N,N,N,N,N,Honda,,,,,,,,,,,,,1964,1965,1966,,,,,,,,,,,,,,,,,,,
Ronnie Peterson,Sweden,Y,Y,Y,N,Y,Y,March,March-Alfa Romeo,March-Ford,Team Lotus,Tyrrell,,,,,,,,,1970,1971,1972,1973,1974,1975,1976,1977,1978,,,,,,,,,,,,,
Roy Salvadori,United Kingdom,Y,Y,N,N,N,N,Aston Martin,Connaught,Cooper,Cooper-Climax,Cooper-Maserati,Ferrari,Lola,Maserati,Vanwall,,,,,1952,1953,1954,1955,1956,1957,1958,1959,1960,1961,1962,,,,,,,,,,,
Rubens Barrichello,Brazil,Y,Y,Y,N,Y,Y,Brawn,Ferrari,Honda,Jordan,Stewart,Williams,,,,,,,,1993,1994,1995,1996,1997,1998,1999,2000,2001,2002,2003,2004,2005,2006,2007,2008,2009,2010,2011,,,
Rudi Fischer,Switzerland,Y,Y,N,N,N,N,Ferrari,,,,,,,,,,,,,1951,1952,,,,,,,,,,,,,,,,,,,,
Rudolf Krause,Germany,N,N,N,N,N,N,BMW,,,,,,,,,,,,,1952,1953,,,,,,,,,,,,,,,,,,,,
Rudolf Schoeller,Switzerland,N,N,N,N,N,N,Ferrari,,,,,,,,,,,,,1952,,,,,,,,,,,,,,,,,,,,,
Rupert Keegan,United Kingdom,N,N,N,N,N,N,Hesketh,March,Surtees,Williams,,,,,,,,,,1977,1978,1980,1982,,,,,,,,,,,,,,,,,,
Sakon Yamamoto,Japan,N,N,N,N,N,N,HRT,Spyker,Super Aguri,,,,,,,,,,,2006,2007,2010,,,,,,,,,,,,,,,,,,,
Sam Hanks,United States Of America,Y,Y,Y,N,N,N,Epperly,Kurtis Kraft,,,,,,,,,,,,1950,1951,1952,1953,1954,1955,1956,1957,,,,,,,,,,,,,,
Sam Posey,United States Of America,N,N,N,N,N,N,Surtees,,,,,,,,,,,,,1971,1972,,,,,,,,,,,,,,,,,,,,
Sam Tingle,Zimbabwe,N,N,N,N,N,N,Brabham-Repco,LDS,LDS-Alfa Romeo,LDS-Climax,Lotus-Climax,,,,,,,,,1962,1963,1965,1967,1968,1969,,,,,,,,,,,,,,,,
Satoru Nakajima,Japan,Y,N,N,N,N,Y,Team Lotus,Tyrrell,,,,,,,,,,,,1987,1988,1989,1990,1991,,,,,,,,,,,,,,,,,
Scott Speed,United States Of America,N,N,N,N,N,N,Toro Rosso,,,,,,,,,,,,,2006,2007,,,,,,,,,,,,,,,,,,,,
Sebastian Vettel,Germany,Y,Y,Y,Y,Y,Y,Aston Martin,BMW Sauber,Ferrari,Red Bull,Toro Rosso,,,,,,,,,2007,2008,2009,2010,2011,2012,2013,2014,2015,2016,2017,2018,2019,2020,2021,2022,,,,,,
Sergey Sirotkin,Russia,Y,N,N,N,N,N,Williams,,,,,,,,,,,,,2018,,,,,,,,,,,,,,,,,,,,,
Sergio Mantovani,Italy,Y,N,N,N,N,N,Maserati,,,,,,,,,,,,,1953,1954,1955,,,,,,,,,,,,,,,,,,,
Sergio Pérez,Mexico,Y,Y,Y,N,Y,Y,Force India,McLaren,Racing Point,Red Bull,Sauber,,,,,,,,,2011,2012,2013,2014,2015,2016,2017,2018,2019,2020,2021,2022,2023,2024,,,,,,,,
Shinji Nakano,Japan,Y,N,N,N,N,N,Minardi,Prost,,,,,,,,,,,,1997,1998,,,,,,,,,,,,,,,,,,,,
Shorty Templeman,United States Of America,N,N,N,N,N,N,Kurtis Kraft,Trevis,,,,,,,,,,,,1955,1958,1960,,,,,,,,,,,,,,,,,,,
Siegfried Stohr,Italy,N,N,N,N,N,N,Arrows,,,,,,,,,,,,,1981,,,,,,,,,,,,,,,,,,,,,
Silvio Moser,Switzerland,Y,N,N,N,N,N,Bellasi,Brabham-Ford,Brabham-Repco,Cooper-ATS,,,,,,,,,,1967,1968,1969,1970,1971,,,,,,,,,,,,,,,,,
Skip Barber,United States Of America,N,N,N,N,N,N,March,March-Ford,,,,,,,,,,,,1971,1972,,,,,,,,,,,,,,,,,,,,
Slim Borgudd,Sweden,Y,N,N,N,N,N,ATS,Tyrrell,,,,,,,,,,,,1981,1982,,,,,,,,,,,,,,,,,,,,
Stefan Bellof,Germany,Y,N,N,N,N,N,Tyrrell,,,,,,,,,,,,,1984,1985,,,,,,,,,,,,,,,,,,,,
Stefan Johansson,Sweden,Y,Y,N,N,N,N,Ferrari,Footwork,Ligier,McLaren,Onyx,Spirit,Toleman,Tyrrell,,,,,,1983,1984,1985,1986,1987,1988,1989,1991,,,,,,,,,,,,,,
Stefano Modena,Italy,Y,Y,N,N,N,N,Brabham,Euro Brun,Jordan,Tyrrell,,,,,,,,,,1987,1988,1989,1990,1991,1992,,,,,,,,,,,,,,,,
Stirling Moss,United Kingdom,Y,Y,Y,N,Y,Y,BRM,Connaught,Cooper,Cooper-Climax,ERA,Ferguson,HWM,Lotus-Climax,Maserati,Mercedes,Team Lotus,Vanwall,,1951,1952,1953,1954,1955,1956,1957,1958,1959,1960,1961,,,,,,,,,,,
Stoffel Vandoorne,Belgium,Y,N,N,N,N,N,McLaren,,,,,,,,,,,,,2016,2017,2018,,,,,,,,,,,,,,,,,,,
Stuart Lewis-Evans,United Kingdom,Y,Y,N,N,Y,N,Connaught,Vanwall,,,,,,,,,,,,1957,1958,,,,,,,,,,,,,,,,,,,,
Stéphane Sarrazin,France,N,N,N,N,N,N,Minardi,,,,,,,,,,,,,1999,,,,,,,,,,,,,,,,,,,,,
Syd van der Vyver,Unknown,N,N,N,N,N,N,Lotus-Climax,,,,,,,,,,,,,1962,,,,,,,,,,,,,,,,,,,,,
Sébastien Bourdais,France,Y,N,N,N,N,N,Toro Rosso,,,,,,,,,,,,,2008,2009,,,,,,,,,,,,,,,,,,,,
Sébastien Buemi,Switzerland,Y,N,N,N,N,N,Toro Rosso,,,,,,,,,,,,,2009,2010,2011,,,,,,,,,,,,,,,,,,,
Taki Inoue,Japan,N,N,N,N,N,N,Footwork,Simtek,,,,,,,,,,,,1994,1995,,,,,,,,,,,,,,,,,,,,
Takuma Sato,Japan,Y,Y,N,N,N,N,BAR,Jordan,Super Aguri,,,,,,,,,,,2002,2003,2004,2005,2006,2007,2008,,,,,,,,,,,,,,,
Tarso Marques,Brazil,N,N,N,N,N,N,Minardi,,,,,,,,,,,,,1996,1997,2001,,,,,,,,,,,,,,,,,,,
Teddy Pilette,Belgium,N,N,N,N,N,N,Brabham,,,,,,,,,,,,,1974,,,,,,,,,,,,,,,,,,,,,
Teo Fabi,Italy,Y,Y,N,N,Y,Y,Benetton,Brabham,Toleman,,,,,,,,,,,1982,1984,1985,1986,1987,,,,,,,,,,,,,,,,,
Theo Fitzau,Germany,N,N,N,N,N,N,AFM,,,,,,,,,,,,,1953,,,,,,,,,,,,,,,,,,,,,
Theo Helfrich,Germany,N,N,N,N,N,N,Klenk,Veritas,,,,,,,,,,,,1952,1953,1954,,,,,,,,,,,,,,,,,,,
Thierry Boutsen,Belgium,Y,Y,Y,N,Y,Y,Arrows,Benetton,Jordan,Ligier,Williams,,,,,,,,,1983,1984,1985,1986,1987,1988,1989,1990,1991,1992,1993,,,,,,,,,,,
Thomas Monarch,Unknown,N,N,N,N,N,N,Lotus-Climax,,,,,,,,,,,,,1963,,,,,,,,,,,,,,,,,,,,,
Tiago Monteiro,Portugal,Y,Y,N,N,N,N,Jordan,MF1,Spyker MF1,,,,,,,,,,,2005,2006,,,,,,,,,,,,,,,,,,,,
Tiff Needell,United Kingdom,N,N,N,N,N,N,Ensign,,,,,,,,,,,,,1980,,,,,,,,,,,,,,,,,,,,,
Tim Parnell,United Kingdom,N,N,N,N,N,N,Lotus-Climax,,,,,,,,,,,,,1961,,,,,,,,,,,,,,,,,,,,,
Tim Schenken,Australia,Y,Y,N,N,N,N,Brabham,De Tomaso,Iso Marlboro,Surtees,Team Lotus,Trojan,,,,,,,,1970,1971,1972,1973,1974,,,,,,,,,,,,,,,,,
Timmy Mayer,United States Of America,N,N,N,N,N,N,Cooper-Climax,,,,,,,,,,,,,1962,,,,,,,,,,,,,,,,,,,,,
Timo Glock,Germany,Y,Y,N,N,N,Y,Jordan,Marussia,Toyota,Virgin,,,,,,,,,,2004,2008,2009,2010,2011,2012,,,,,,,,,,,,,,,,
Tom Belsø,Denmark,N,N,N,N,N,N,Iso Marlboro,,,,,,,,,,,,,1974,,,,,,,,,,,,,,,,,,,,,
Tom Bridger,United Kingdom,N,N,N,N,N,N,Cooper,,,,,,,,,,,,,1958,,,,,,,,,,,,,,,,,,,,,
Tom Pryce,United Kingdom,Y,Y,N,N,Y,N,Shadow,Shadow-Ford,Token,,,,,,,,,,,1974,1975,1976,1977,,,,,,,,,,,,,,,,,,
Tommy Byrne,Ireland,N,N,N,N,N,N,Theodore,,,,,,,,,,,,,1982,,,,,,,,,,,,,,,,,,,,,
Tomáš Enge,Czechia,N,N,N,N,N,N,Prost,,,,,,,,,,,,,2001,,,,,,,,,,,,,,,,,,,,,
Toni Branca,Switzerland,N,N,N,N,N,N,Maserati,,,,,,,,,,,,,1950,1951,,,,,,,,,,,,,,,,,,,,
Toni Ulmen,Germany,N,N,N,N,N,N,Veritas,,,,,,,,,,,,,1952,,,,,,,,,,,,,,,,,,,,,
Tony Bettenhausen,United States Of America,Y,Y,N,N,N,Y,Deidt,Epperly,Kurtis Kraft,Kuzma,Watson,,,,,,,,,1950,1951,1952,1953,1954,1955,1956,1957,1958,1959,1960,,,,,,,,,,,
Tony Brise,United Kingdom,Y,N,N,N,N,N,Embassy Hill,Williams,,,,,,,,,,,,1975,,,,,,,,,,,,,,,,,,,,,
Tony Brooks,United Kingdom,Y,Y,Y,N,Y,Y,BRM,Cooper-Climax,Ferrari,Vanwall,,,,,,,,,,1956,1957,1958,1959,1960,1961,,,,,,,,,,,,,,,,
Tony Crook,United Kingdom,N,N,N,N,N,N,Cooper,Frazer Nash,,,,,,,,,,,,1952,1953,,,,,,,,,,,,,,,,,,,,
Tony Gaze,Australia,N,N,N,N,N,N,HWM,,,,,,,,,,,,,1952,,,,,,,,,,,,,,,,,,,,,
Tony Maggs,South Africa,Y,Y,N,N,N,N,BRM,Cooper-Climax,Lotus-BRM,Lotus-Climax,,,,,,,,,,1961,1962,1963,1964,1965,,,,,,,,,,,,,,,,,
Tony Marsh,United Kingdom,N,N,N,N,N,N,BRM,Cooper,Lotus-Climax,,,,,,,,,,,1957,1958,1961,1962,,,,,,,,,,,,,,,,,,
Tony Rolt,United Kingdom,N,N,N,N,N,N,Connaught,ERA,,,,,,,,,,,,1950,1953,1955,,,,,,,,,,,,,,,,,,,
Tony Settember,United States Of America,N,N,N,N,N,N,Emeryson,Scirocco,,,,,,,,,,,,1962,1963,,,,,,,,,,,,,,,,,,,,
Tony Shelly,New Zealand,N,N,N,N,N,N,Lotus-Climax,,,,,,,,,,,,,1962,,,,,,,,,,,,,,,,,,,,,
Toranosuke Takagi,Japan,N,N,N,N,N,N,Arrows,Tyrrell,,,,,,,,,,,,1998,1999,,,,,,,,,,,,,,,,,,,,
Torsten Palm,Sweden,N,N,N,N,N,N,Hesketh,,,,,,,,,,,,,1975,,,,,,,,,,,,,,,,,,,,,
Toshio Suzuki,Japan,N,N,N,N,N,N,Larrousse,,,,,,,,,,,,,1993,,,,,,,,,,,,,,,,,,,,,
Toulo de Graffenried,Unknown,Y,N,N,N,N,N,Alfa Romeo,Maserati,,,,,,,,,,,,1950,1951,1952,1953,1954,1956,,,,,,,,,,,,,,,,
Travis Webb,Unknown,N,N,N,N,N,N,Bromme,Kurtis Kraft,Maserati,,,,,,,,,,,1950,1952,1953,1954,,,,,,,,,,,,,,,,,,
Trevor Blokdyk,South Africa,N,N,N,N,N,N,Cooper-Maserati,,,,,,,,,,,,,1963,,,,,,,,,,,,,,,,,,,,,
Trevor Taylor,United Kingdom,Y,Y,N,N,N,N,BRP,Lotus-BRM,Lotus-Climax,Shannon,,,,,,,,,,1961,1962,1963,1964,1966,,,,,,,,,,,,,,,,,
Troy Ruttman,United States Of America,Y,Y,Y,N,N,N,Kurtis Kraft,Kuzma,Lesovsky,Maserati,Watson,,,,,,,,,1950,1951,1952,1954,1956,1957,1958,1960,,,,,,,,,,,,,,
Ukyo Katayama,Japan,Y,N,N,N,N,N,Larrousse,Minardi,Tyrrell,,,,,,,,,,,1992,1993,1994,1995,1996,1997,,,,,,,,,,,,,,,,
Umberto Maglioli,Italy,Y,Y,N,N,N,N,Ferrari,Maserati,Porsche,,,,,,,,,,,1953,1954,1955,1956,1957,,,,,,,,,,,,,,,,,
Valtteri Bottas,Finland,Y,Y,Y,N,Y,Y,Alfa Romeo,Mercedes,Sauber,Williams,,,,,,,,,,2013,2014,2015,2016,2017,2018,2019,2020,2021,2022,2023,2024,,,,,,,,,,
Vern Schuppan,Australia,N,N,N,N,N,N,Embassy Hill,Ensign,Surtees,,,,,,,,,,,1974,1975,1977,,,,,,,,,,,,,,,,,,,
Vic Elford,United Kingdom,Y,N,N,N,N,N,BRM,Cooper-BRM,Cooper-Maserati,McLaren-Ford,,,,,,,,,,1968,1969,1971,,,,,,,,,,,,,,,,,,,
Vic Wilson,United Kingdom,N,N,N,N,N,N,BRM,Cooper-Climax,,,,,,,,,,,,1960,1966,,,,,,,,,,,,,,,,,,,,
Vitaly Petrov,Russia,Y,Y,N,N,N,Y,Caterham,Renault,,,,,,,,,,,,2010,2011,2012,,,,,,,,,,,,,,,,,,,
Vitantonio Liuzzi,Italy,Y,N,N,N,N,N,Force India,HRT,Red Bull,Toro Rosso,,,,,,,,,,2005,2006,2007,2009,2010,2011,,,,,,,,,,,,,,,,
Vittorio Brambilla,Italy,Y,Y,Y,N,Y,Y,Alfa Romeo,March,Surtees,,,,,,,,,,,1974,1975,1976,1977,1978,1979,1980,,,,,,,,,,,,,,,
Volker Weidler,Germany,N,N,N,N,N,N,Rial,,,,,,,,,,,,,1989,,,,,,,,,,,,,,,,,,,,,
Walt Ader,United States Of America,N,N,N,N,N,N,Rae,,,,,,,,,,,,,1950,,,,,,,,,,,,,,,,,,,,,
Walt Brown,United States Of America,N,N,N,N,N,N,Kurtis Kraft,,,,,,,,,,,,,1950,1951,,,,,,,,,,,,,,,,,,,,
Walt Faulkner,United States Of America,Y,N,N,N,Y,N,Kurtis Kraft,Kuzma,,,,,,,,,,,,1950,1951,1953,1954,1955,,,,,,,,,,,,,,,,,
Walt Hansgen,United States Of America,Y,N,N,N,N,N,Cooper-Climax,Lotus-Climax,Team Lotus,,,,,,,,,,,1961,1963,1964,,,,,,,,,,,,,,,,,,,
Warwick Brown,Australia,N,N,N,N,N,N,Wolf,,,,,,,,,,,,,1976,,,,,,,,,,,,,,,,,,,,,
Wayne Weiler,United States Of America,N,N,N,N,N,N,Epperly,,,,,,,,,,,,,1960,,,,,,,,,,,,,,,,,,,,,
Will Stevens,United Kingdom,N,N,N,N,N,N,Caterham,Manor Marussia,,,,,,,,,,,,2014,2015,,,,,,,,,,,,,,,,,,,,
Willi Heeks,Germany,N,N,N,N,N,N,AFM,Veritas,,,,,,,,,,,,1952,1953,,,,,,,,,,,,,,,,,,,,
Willy Mairesse,Belgium,Y,Y,N,N,N,N,Ferrari,Lotus-Climax,,,,,,,,,,,,1960,1961,1962,1963,,,,,,,,,,,,,,,,,,
Wilson Fittipaldi,Brazil,Y,N,N,N,N,N,Brabham,Fittipaldi,,,,,,,,,,,,1972,1973,1975,,,,,,,,,,,,,,,,,,,
Wolfgang Seidel,Germany,N,N,N,N,N,N,Cooper,Cooper-Climax,Emeryson,Lotus-BRM,Lotus-Climax,Maserati,Veritas,,,,,,,1953,1958,1960,1961,1962,,,,,,,,,,,,,,,,,
Wolfgang von Trips,Germany,Y,Y,Y,N,Y,N,Cooper-Maserati,Ferrari,Porsche,,,,,,,,,,,1956,1957,1958,1959,1960,1961,,,,,,,,,,,,,,,,
Yannick Dalmas,France,N,N,N,N,N,N,AGS,Larrousse,,,,,,,,,,,,1987,1988,1989,1990,1994,,,,,,,,,,,,,,,,,
Yuji Ide,Japan,N,N,N,N,N,N,Super Aguri,,,,,,,,,,,,,2006,,,,,,,,,,,,,,,,,,,,,
Yuki Tsunoda,Japan,Y,N,N,N,N,Y,AlphaTauri,RB F1 Team,Red Bull,,,,,,,,,,,2021,2022,2023,2024,2025,,,,,,,,,,,,,,,,,
Yves Cabantous,Unknown,Y,N,N,N,N,N,HWM,Talbot-Lago,,,,,,,,,,,,1950,1951,1952,1953,,,,,,,,,,,,,,,,,,
Zsolt Baumgartner,Hungary,Y,N,N,N,N,N,Jordan,Minardi,,,,,,,,,,,,2003,2004,,,,,,,,,,,,,,,,,,,,
Élie Bayol,France,Y,N,N,N,N,N,Gordini,OSCA,,,,,,,,,,,,1952,1953,1954,1955,1956,,,,,,,,,,,,,,,,,
Éric Bernard,France,Y,Y,N,N,N,N,Larrousse,Ligier,Lola,Team Lotus,,,,,,,,,,1989,1990,1991,1994,,,,,,,,,,,,,,,,,,
Érik Comas,France,Y,N,N,N,N,N,Larrousse,Ligier,,,,,,,,,,,,1991,1992,1993,1994,,,,,,,,,,,,,,,,,,
Óscar González,Uruguay,N,N,N,N,N,N,Maserati,,,,,,,,,,,,,1956,,,,,,,,,,,,,,,,,,,,,
